session_id,mechanism,D,R,match_id,rider_id,driver_id,t_accept,t_exec,p_rider,p_driver
e785dcb7,DA,20,20,0,5,10,0.1,0.1,19.85,15.880000000000003
e785dcb7,DA,20,20,1,17,16,0.30000000000000004,0.30000000000000004,19.55,15.64
e785dcb7,DA,20,20,2,11,11,0.6000000000000001,0.6000000000000001,19.1,15.280000000000001
e785dcb7,DA,20,20,3,7,18,2.2,2.2,16.7,13.36
e785dcb7,DA,20,20,4,4,13,2.7,2.7,15.95,12.76
e785dcb7,DA,20,20,5,2,9,3.2,3.2,15.2,12.16
e785dcb7,DA,20,20,6,18,12,4.0,4.0,14.0,11.200000000000001
e785dcb7,DA,20,20,7,13,3,4.4,4.4,13.399999999999999,10.719999999999999
e785dcb7,DA,20,20,8,16,0,4.5,4.5,13.25,10.600000000000001
e785dcb7,DA,20,20,9,9,17,4.7,4.7,12.95,10.36
e785dcb7,DA,20,20,10,3,5,5.2,5.2,12.2,9.76
e785dcb7,DA,20,20,11,1,6,5.800000000000001,5.800000000000001,11.299999999999999,9.04
e785dcb7,DA,20,20,12,10,15,7.4,7.4,8.899999999999999,7.119999999999999
e785dcb7,DA,20,20,13,12,19,7.9,7.9,8.149999999999999,6.52
e785dcb7,DA,20,20,14,14,14,9.0,9.0,6.5,5.2
86e2969d,DA,20,20,0,7,10,1.4000000000000001,1.4000000000000001,17.9,14.32
86e2969d,DA,20,20,1,3,0,1.4000000000000001,1.4000000000000001,17.9,14.32
86e2969d,DA,20,20,2,4,4,3.6,3.6,14.6,11.68
86e2969d,DA,20,20,3,5,18,3.8000000000000003,3.8000000000000003,14.3,11.440000000000001
86e2969d,DA,20,20,4,10,13,4.3,4.3,13.55,10.840000000000002
86e2969d,DA,20,20,5,19,7,4.800000000000001,4.800000000000001,12.799999999999999,10.24
86e2969d,DA,20,20,6,6,12,5.1000000000000005,5.1000000000000005,12.35,9.88
86e2969d,DA,20,20,7,1,19,5.2,5.2,12.2,9.76
86e2969d,DA,20,20,8,14,3,5.7,5.7,11.45,9.16
86e2969d,DA,20,20,9,17,11,6.1000000000000005,6.1000000000000005,10.85,8.68
86e2969d,DA,20,20,10,9,15,6.7,6.7,9.95,7.96
86e2969d,DA,20,20,11,8,9,7.2,7.2,9.2,7.359999999999999
30854e5d,DA,20,20,0,6,8,0.30000000000000004,0.30000000000000004,19.55,15.64
30854e5d,DA,20,20,1,16,15,0.7000000000000001,0.7000000000000001,18.95,15.16
30854e5d,DA,20,20,2,15,6,2.5,2.5,16.25,13.0
30854e5d,DA,20,20,3,8,14,2.9000000000000004,2.9000000000000004,15.649999999999999,12.52
30854e5d,DA,20,20,4,10,16,3.0,3.0,15.5,12.4
30854e5d,DA,20,20,5,2,7,4.7,4.7,12.95,10.36
30854e5d,DA,20,20,6,18,11,4.9,4.9,12.649999999999999,10.12
30854e5d,DA,20,20,7,7,13,5.1000000000000005,5.1000000000000005,12.35,9.88
30854e5d,DA,20,20,8,9,5,5.800000000000001,5.800000000000001,11.299999999999999,9.04
30854e5d,DA,20,20,9,4,17,6.5,6.5,10.25,8.200000000000001
30854e5d,DA,20,20,10,14,2,6.7,6.7,9.95,7.96
30854e5d,DA,20,20,11,3,1,6.800000000000001,6.800000000000001,9.799999999999999,7.84
30854e5d,DA,20,20,12,17,18,7.5,7.5,8.75,7.0
30854e5d,DA,20,20,13,11,19,7.5,7.5,8.75,7.0
c6d79659,DA,20,20,0,19,8,2.2,2.2,16.7,13.36
c6d79659,DA,20,20,1,12,2,2.5,2.5,16.25,13.0
c6d79659,DA,20,20,2,8,15,3.4000000000000004,3.4000000000000004,14.899999999999999,11.92
c6d79659,DA,20,20,3,16,18,3.6,3.6,14.6,11.68
c6d79659,DA,20,20,4,3,10,4.3,4.3,13.55,10.840000000000002
c6d79659,DA,20,20,5,1,19,4.6000000000000005,4.6000000000000005,13.1,10.48
c6d79659,DA,20,20,6,9,12,5.0,5.0,12.5,10.0
c6d79659,DA,20,20,7,10,5,5.1000000000000005,5.1000000000000005,12.35,9.88
c6d79659,DA,20,20,8,4,0,5.2,5.2,12.2,9.76
c6d79659,DA,20,20,9,7,14,5.2,5.2,12.2,9.76
c6d79659,DA,20,20,10,17,4,5.800000000000001,5.800000000000001,11.299999999999999,9.04
c6d79659,DA,20,20,11,15,7,6.300000000000001,6.300000000000001,10.549999999999999,8.44
c6d79659,DA,20,20,12,13,17,6.4,6.4,10.399999999999999,8.319999999999999
c6d79659,DA,20,20,13,0,3,6.5,6.5,10.25,8.200000000000001
c6d79659,DA,20,20,14,18,13,7.1000000000000005,7.1000000000000005,9.35,7.48
c6d79659,DA,20,20,15,6,11,7.1000000000000005,7.1000000000000005,9.35,7.48
c6d79659,DA,20,20,16,14,6,8.1,8.1,7.850000000000001,6.280000000000001
6a6f92df,DA,20,20,0,4,14,0.4,0.4,19.4,15.52
6a6f92df,DA,20,20,1,7,18,0.4,0.4,19.4,15.52
6a6f92df,DA,20,20,2,12,8,0.7000000000000001,0.7000000000000001,18.95,15.16
6a6f92df,DA,20,20,3,19,2,2.2,2.2,16.7,13.36
6a6f92df,DA,20,20,4,0,13,2.3000000000000003,2.3000000000000003,16.55,13.240000000000002
6a6f92df,DA,20,20,5,8,5,4.1000000000000005,4.1000000000000005,13.85,11.08
6a6f92df,DA,20,20,6,15,7,4.2,4.2,13.7,10.96
6a6f92df,DA,20,20,7,16,16,4.6000000000000005,4.6000000000000005,13.1,10.48
6a6f92df,DA,20,20,8,13,6,4.7,4.7,12.95,10.36
6a6f92df,DA,20,20,9,1,9,6.5,6.5,10.25,8.200000000000001
6a6f92df,DA,20,20,10,2,11,6.6000000000000005,6.6000000000000005,10.1,8.08
6a6f92df,DA,20,20,11,9,17,6.800000000000001,6.800000000000001,9.799999999999999,7.84
6a6f92df,DA,20,20,12,17,19,7.0,7.0,9.5,7.6000000000000005
6a6f92df,DA,20,20,13,18,4,7.2,7.2,9.2,7.359999999999999
6a6f92df,DA,20,20,14,3,0,7.4,7.4,8.899999999999999,7.119999999999999
22a7d44f,DA,20,40,0,9,1,0.1,0.1,19.85,15.880000000000003
22a7d44f,DA,20,40,1,32,9,0.7000000000000001,0.7000000000000001,18.95,15.16
22a7d44f,DA,20,40,2,12,13,1.0,1.0,18.5,14.8
22a7d44f,DA,20,40,3,3,15,1.1,1.1,18.35,14.680000000000001
22a7d44f,DA,20,40,4,35,16,1.3,1.3,18.05,14.440000000000001
22a7d44f,DA,20,40,5,11,5,1.5,1.5,17.75,14.200000000000001
22a7d44f,DA,20,40,6,21,8,1.9000000000000001,1.9000000000000001,17.15,13.719999999999999
22a7d44f,DA,20,40,7,25,14,2.6,2.6,16.1,12.880000000000003
22a7d44f,DA,20,40,8,36,0,2.6,2.6,16.1,12.880000000000003
22a7d44f,DA,20,40,9,13,3,2.9000000000000004,2.9000000000000004,15.649999999999999,12.52
22a7d44f,DA,20,40,10,18,18,3.7,3.7,14.45,11.56
22a7d44f,DA,20,40,11,27,17,3.8000000000000003,3.8000000000000003,14.3,11.440000000000001
22a7d44f,DA,20,40,12,22,19,4.0,4.0,14.0,11.200000000000001
22a7d44f,DA,20,40,13,0,10,4.0,4.0,14.0,11.200000000000001
22a7d44f,DA,20,40,14,2,12,4.4,4.4,13.399999999999999,10.719999999999999
22a7d44f,DA,20,40,15,34,4,5.5,5.5,11.75,9.4
22a7d44f,DA,20,40,16,30,7,5.9,5.9,11.149999999999999,8.92
22a7d44f,DA,20,40,17,7,2,6.0,6.0,11.0,8.8
a8f585f9,DA,20,40,0,15,8,0.0,0.0,20.0,16.0
a8f585f9,DA,20,40,1,12,3,1.9000000000000001,1.9000000000000001,17.15,13.719999999999999
a8f585f9,DA,20,40,2,37,6,2.1,2.1,16.85,13.480000000000002
a8f585f9,DA,20,40,3,38,5,3.0,3.0,15.5,12.4
a8f585f9,DA,20,40,4,14,14,3.9000000000000004,3.9000000000000004,14.149999999999999,11.32
a8f585f9,DA,20,40,5,22,10,4.0,4.0,14.0,11.200000000000001
a8f585f9,DA,20,40,6,26,4,4.6000000000000005,4.6000000000000005,13.1,10.48
a8f585f9,DA,20,40,7,16,15,4.7,4.7,12.95,10.36
a8f585f9,DA,20,40,8,29,19,4.9,4.9,12.649999999999999,10.12
a8f585f9,DA,20,40,9,13,16,5.2,5.2,12.2,9.76
a8f585f9,DA,20,40,10,36,7,5.4,5.4,11.899999999999999,9.52
a8f585f9,DA,20,40,11,10,12,5.5,5.5,11.75,9.4
a8f585f9,DA,20,40,12,2,18,5.7,5.7,11.45,9.16
a8f585f9,DA,20,40,13,8,11,6.2,6.2,10.7,8.56
a8f585f9,DA,20,40,14,24,9,6.4,6.4,10.399999999999999,8.319999999999999
a8f585f9,DA,20,40,15,19,17,6.7,6.7,9.95,7.96
9badd2f9,DA,20,40,0,9,15,0.7000000000000001,0.7000000000000001,18.95,15.16
9badd2f9,DA,20,40,1,1,18,0.7000000000000001,0.7000000000000001,18.95,15.16
9badd2f9,DA,20,40,2,37,12,0.8,0.8,18.8,15.040000000000001
9badd2f9,DA,20,40,3,28,6,0.9,0.9,18.65,14.92
9badd2f9,DA,20,40,4,26,17,1.3,1.3,18.05,14.440000000000001
9badd2f9,DA,20,40,5,15,0,3.2,3.2,15.2,12.16
9badd2f9,DA,20,40,6,12,14,3.3000000000000003,3.3000000000000003,15.05,12.040000000000001
9badd2f9,DA,20,40,7,25,13,3.5,3.5,14.75,11.8
9badd2f9,DA,20,40,8,35,1,4.2,4.2,13.7,10.96
9badd2f9,DA,20,40,9,10,9,4.3,4.3,13.55,10.840000000000002
9badd2f9,DA,20,40,10,38,5,4.5,4.5,13.25,10.600000000000001
9badd2f9,DA,20,40,11,11,16,4.6000000000000005,4.6000000000000005,13.1,10.48
9badd2f9,DA,20,40,12,7,2,5.6000000000000005,5.6000000000000005,11.6,9.28
9badd2f9,DA,20,40,13,16,19,5.800000000000001,5.800000000000001,11.299999999999999,9.04
9badd2f9,DA,20,40,14,22,3,5.9,5.9,11.149999999999999,8.92
9badd2f9,DA,20,40,15,36,8,6.0,6.0,11.0,8.8
9badd2f9,DA,20,40,16,20,4,6.5,6.5,10.25,8.200000000000001
4adbbea7,DA,20,40,0,5,11,0.0,0.0,20.0,16.0
4adbbea7,DA,20,40,1,8,12,0.0,0.0,20.0,16.0
4adbbea7,DA,20,40,2,27,19,0.0,0.0,20.0,16.0
4adbbea7,DA,20,40,3,35,9,0.0,0.0,20.0,16.0
4adbbea7,DA,20,40,4,6,6,0.8,0.8,18.8,15.040000000000001
4adbbea7,DA,20,40,5,3,10,1.0,1.0,18.5,14.8
4adbbea7,DA,20,40,6,0,2,2.1,2.1,16.85,13.480000000000002
4adbbea7,DA,20,40,7,30,1,2.6,2.6,16.1,12.880000000000003
4adbbea7,DA,20,40,8,13,15,2.6,2.6,16.1,12.880000000000003
4adbbea7,DA,20,40,9,31,4,3.1,3.1,15.35,12.280000000000001
4adbbea7,DA,20,40,10,32,16,3.2,3.2,15.2,12.16
4adbbea7,DA,20,40,11,24,13,3.4000000000000004,3.4000000000000004,14.899999999999999,11.92
4adbbea7,DA,20,40,12,16,0,3.5,3.5,14.75,11.8
4adbbea7,DA,20,40,13,15,3,4.0,4.0,14.0,11.200000000000001
4adbbea7,DA,20,40,14,39,14,4.2,4.2,13.7,10.96
4adbbea7,DA,20,40,15,4,7,5.0,5.0,12.5,10.0
adb270b1,DA,20,40,0,24,10,0.2,0.2,19.7,15.76
adb270b1,DA,20,40,1,25,0,0.7000000000000001,0.7000000000000001,18.95,15.16
adb270b1,DA,20,40,2,28,13,0.7000000000000001,0.7000000000000001,18.95,15.16
adb270b1,DA,20,40,3,22,15,1.2000000000000002,1.2000000000000002,18.2,14.56
adb270b1,DA,20,40,4,31,4,1.9000000000000001,1.9000000000000001,17.15,13.719999999999999
adb270b1,DA,20,40,5,7,7,2.4000000000000004,2.4000000000000004,16.4,13.12
adb270b1,DA,20,40,6,26,3,2.9000000000000004,2.9000000000000004,15.649999999999999,12.52
adb270b1,DA,20,40,7,14,11,3.2,3.2,15.2,12.16
adb270b1,DA,20,40,8,5,9,3.5,3.5,14.75,11.8
adb270b1,DA,20,40,9,1,1,3.6,3.6,14.6,11.68
adb270b1,DA,20,40,10,29,5,3.8000000000000003,3.8000000000000003,14.3,11.440000000000001
adb270b1,DA,20,40,11,16,2,4.1000000000000005,4.1000000000000005,13.85,11.08
adb270b1,DA,20,40,12,27,17,4.2,4.2,13.7,10.96
adb270b1,DA,20,40,13,15,12,4.3,4.3,13.55,10.840000000000002
adb270b1,DA,20,40,14,2,18,5.2,5.2,12.2,9.76
adb270b1,DA,20,40,15,17,8,5.300000000000001,5.300000000000001,12.049999999999999,9.64
adb270b1,DA,20,40,16,13,14,5.300000000000001,5.300000000000001,12.049999999999999,9.64
adb270b1,DA,20,40,17,4,16,5.4,5.4,11.899999999999999,9.52
adb270b1,DA,20,40,18,35,6,5.5,5.5,11.75,9.4
adb270b1,DA,20,40,19,6,19,5.5,5.5,11.75,9.4
95300833,DA,40,20,0,5,5,0.0,0.0,20.0,16.0
95300833,DA,40,20,1,19,11,0.0,0.0,20.0,16.0
95300833,DA,40,20,2,8,29,0.1,0.1,19.85,15.880000000000003
95300833,DA,40,20,3,6,21,0.7000000000000001,0.7000000000000001,18.95,15.16
95300833,DA,40,20,4,15,26,0.9,0.9,18.65,14.92
95300833,DA,40,20,5,0,4,2.7,2.7,15.95,12.76
95300833,DA,40,20,6,4,13,2.8000000000000003,2.8000000000000003,15.8,12.64
95300833,DA,40,20,7,12,14,3.1,3.1,15.35,12.280000000000001
95300833,DA,40,20,8,18,34,4.5,4.5,13.25,10.600000000000001
95300833,DA,40,20,9,16,38,6.800000000000001,6.800000000000001,9.799999999999999,7.84
95300833,DA,40,20,10,2,36,6.800000000000001,6.800000000000001,9.799999999999999,7.84
95300833,DA,40,20,11,17,23,7.4,7.4,8.899999999999999,7.119999999999999
95300833,DA,40,20,12,13,7,8.9,8.9,6.649999999999999,5.319999999999999
95300833,DA,40,20,13,11,9,9.200000000000001,9.200000000000001,6.199999999999999,4.96
95300833,DA,40,20,14,14,15,9.4,9.4,5.899999999999999,4.719999999999999
95300833,DA,40,20,15,10,17,9.600000000000001,9.600000000000001,5.599999999999998,4.479999999999999
39cbf0e8,DA,40,20,0,13,33,0.1,0.1,19.85,15.880000000000003
39cbf0e8,DA,40,20,1,2,11,0.2,0.2,19.7,15.76
39cbf0e8,DA,40,20,2,15,35,0.5,0.5,19.25,15.4
39cbf0e8,DA,40,20,3,19,30,1.8,1.8,17.3,13.840000000000002
39cbf0e8,DA,40,20,4,1,29,2.3000000000000003,2.3000000000000003,16.55,13.240000000000002
39cbf0e8,DA,40,20,5,10,23,2.7,2.7,15.95,12.76
39cbf0e8,DA,40,20,6,0,2,3.4000000000000004,3.4000000000000004,14.899999999999999,11.92
39cbf0e8,DA,40,20,7,7,4,3.5,3.5,14.75,11.8
39cbf0e8,DA,40,20,8,3,10,3.5,3.5,14.75,11.8
39cbf0e8,DA,40,20,9,18,9,4.7,4.7,12.95,10.36
39cbf0e8,DA,40,20,10,12,37,5.5,5.5,11.75,9.4
39cbf0e8,DA,40,20,11,16,15,6.0,6.0,11.0,8.8
39cbf0e8,DA,40,20,12,9,39,6.1000000000000005,6.1000000000000005,10.85,8.68
39cbf0e8,DA,40,20,13,5,34,6.2,6.2,10.7,8.56
39cbf0e8,DA,40,20,14,17,16,6.5,6.5,10.25,8.200000000000001
39cbf0e8,DA,40,20,15,8,28,7.2,7.2,9.2,7.359999999999999
39cbf0e8,DA,40,20,16,11,36,8.200000000000001,8.200000000000001,7.699999999999999,6.16
39cbf0e8,DA,40,20,17,14,17,8.8,8.8,6.799999999999999,5.4399999999999995
39cbf0e8,DA,40,20,18,6,24,8.8,8.8,6.799999999999999,5.4399999999999995
39cbf0e8,DA,40,20,19,4,38,9.1,9.1,6.350000000000001,5.080000000000002
0f9cac4f,DA,40,20,0,12,27,0.30000000000000004,0.30000000000000004,19.55,15.64
0f9cac4f,DA,40,20,1,2,34,2.7,2.7,15.95,12.76
0f9cac4f,DA,40,20,2,15,35,3.5,3.5,14.75,11.8
0f9cac4f,DA,40,20,3,6,33,3.5,3.5,14.75,11.8
0f9cac4f,DA,40,20,4,18,36,5.2,5.2,12.2,9.76
0f9cac4f,DA,40,20,5,4,38,5.6000000000000005,5.6000000000000005,11.6,9.28
0f9cac4f,DA,40,20,6,16,1,5.7,5.7,11.45,9.16
0f9cac4f,DA,40,20,7,11,16,6.300000000000001,6.300000000000001,10.549999999999999,8.44
0f9cac4f,DA,40,20,8,5,17,6.4,6.4,10.399999999999999,8.319999999999999
0f9cac4f,DA,40,20,9,17,6,6.6000000000000005,6.6000000000000005,10.1,8.08
0f9cac4f,DA,40,20,10,8,30,6.6000000000000005,6.6000000000000005,10.1,8.08
0f9cac4f,DA,40,20,11,1,15,6.7,6.7,9.95,7.96
0f9cac4f,DA,40,20,12,19,23,7.2,7.2,9.2,7.359999999999999
0f9cac4f,DA,40,20,13,10,29,7.300000000000001,7.300000000000001,9.049999999999999,7.239999999999999
0f9cac4f,DA,40,20,14,14,22,7.5,7.5,8.75,7.0
0f9cac4f,DA,40,20,15,9,5,7.800000000000001,7.800000000000001,8.299999999999999,6.64
0f9cac4f,DA,40,20,16,13,18,7.800000000000001,7.800000000000001,8.299999999999999,6.64
0f9cac4f,DA,40,20,17,7,26,8.9,8.9,6.649999999999999,5.319999999999999
0f9cac4f,DA,40,20,18,3,10,9.4,9.4,5.899999999999999,4.719999999999999
9b41956d,DA,40,20,0,5,8,0.30000000000000004,0.30000000000000004,19.55,15.64
9b41956d,DA,40,20,1,8,13,1.3,1.3,18.05,14.440000000000001
9b41956d,DA,40,20,2,13,26,3.5,3.5,14.75,11.8
9b41956d,DA,40,20,3,19,11,4.0,4.0,14.0,11.200000000000001
9b41956d,DA,40,20,4,3,0,4.4,4.4,13.399999999999999,10.719999999999999
9b41956d,DA,40,20,5,6,7,5.0,5.0,12.5,10.0
9b41956d,DA,40,20,6,9,25,5.0,5.0,12.5,10.0
9b41956d,DA,40,20,7,15,1,5.1000000000000005,5.1000000000000005,12.35,9.88
9b41956d,DA,40,20,8,2,17,5.5,5.5,11.75,9.4
9b41956d,DA,40,20,9,0,37,6.0,6.0,11.0,8.8
9b41956d,DA,40,20,10,7,21,7.2,7.2,9.2,7.359999999999999
9b41956d,DA,40,20,11,12,22,7.2,7.2,9.2,7.359999999999999
9b41956d,DA,40,20,12,16,3,7.6000000000000005,7.6000000000000005,8.6,6.88
9b41956d,DA,40,20,13,4,36,7.7,7.7,8.45,6.76
9b41956d,DA,40,20,14,1,16,8.4,8.4,7.399999999999999,5.919999999999999
9b41956d,DA,40,20,15,14,12,8.6,8.6,7.100000000000001,5.6800000000000015
9b41956d,DA,40,20,16,10,20,8.8,8.8,6.799999999999999,5.4399999999999995
e0824fcf,DA,40,20,0,5,13,2.5,2.5,16.25,13.0
e0824fcf,DA,40,20,1,4,17,2.9000000000000004,2.9000000000000004,15.649999999999999,12.52
e0824fcf,DA,40,20,2,14,30,3.3000000000000003,3.3000000000000003,15.05,12.040000000000001
e0824fcf,DA,40,20,3,1,10,3.4000000000000004,3.4000000000000004,14.899999999999999,11.92
e0824fcf,DA,40,20,4,11,1,4.1000000000000005,4.1000000000000005,13.85,11.08
e0824fcf,DA,40,20,5,2,9,4.1000000000000005,4.1000000000000005,13.85,11.08
e0824fcf,DA,40,20,6,16,24,4.1000000000000005,4.1000000000000005,13.85,11.08
e0824fcf,DA,40,20,7,13,29,5.0,5.0,12.5,10.0
e0824fcf,DA,40,20,8,0,27,5.1000000000000005,5.1000000000000005,12.35,9.88
e0824fcf,DA,40,20,9,15,15,5.1000000000000005,5.1000000000000005,12.35,9.88
e0824fcf,DA,40,20,10,3,11,5.7,5.7,11.45,9.16
e0824fcf,DA,40,20,11,12,26,6.4,6.4,10.399999999999999,8.319999999999999
e0824fcf,DA,40,20,12,18,14,6.800000000000001,6.800000000000001,9.799999999999999,7.84
e0824fcf,DA,40,20,13,19,34,7.2,7.2,9.2,7.359999999999999
e0824fcf,DA,40,20,14,8,6,7.300000000000001,7.300000000000001,9.049999999999999,7.239999999999999
e0824fcf,DA,40,20,15,17,35,7.9,7.9,8.149999999999999,6.52
e0824fcf,DA,40,20,16,10,38,8.5,8.5,7.25,5.800000000000001
e0824fcf,DA,40,20,17,7,22,8.9,8.9,6.649999999999999,5.319999999999999
17b4f125,DA,40,40,0,11,2,0.8,0.8,18.8,15.040000000000001
17b4f125,DA,40,40,1,8,17,1.9000000000000001,1.9000000000000001,17.15,13.719999999999999
17b4f125,DA,40,40,2,16,21,2.0,2.0,17.0,13.600000000000001
17b4f125,DA,40,40,3,4,35,2.3000000000000003,2.3000000000000003,16.55,13.240000000000002
17b4f125,DA,40,40,4,37,22,2.8000000000000003,2.8000000000000003,15.8,12.64
17b4f125,DA,40,40,5,20,27,3.0,3.0,15.5,12.4
17b4f125,DA,40,40,6,25,34,3.0,3.0,15.5,12.4
17b4f125,DA,40,40,7,2,16,3.5,3.5,14.75,11.8
17b4f125,DA,40,40,8,38,7,3.8000000000000003,3.8000000000000003,14.3,11.440000000000001
17b4f125,DA,40,40,9,22,33,4.2,4.2,13.7,10.96
17b4f125,DA,40,40,10,33,3,4.6000000000000005,4.6000000000000005,13.1,10.48
17b4f125,DA,40,40,11,26,20,4.6000000000000005,4.6000000000000005,13.1,10.48
17b4f125,DA,40,40,12,35,9,4.7,4.7,12.95,10.36
17b4f125,DA,40,40,13,7,29,4.800000000000001,4.800000000000001,12.799999999999999,10.24
17b4f125,DA,40,40,14,28,38,4.9,4.9,12.649999999999999,10.12
17b4f125,DA,40,40,15,10,6,5.0,5.0,12.5,10.0
17b4f125,DA,40,40,16,30,4,5.300000000000001,5.300000000000001,12.049999999999999,9.64
17b4f125,DA,40,40,17,36,23,6.0,6.0,11.0,8.8
17b4f125,DA,40,40,18,5,14,6.2,6.2,10.7,8.56
17b4f125,DA,40,40,19,1,15,6.7,6.7,9.95,7.96
17b4f125,DA,40,40,20,0,31,6.800000000000001,6.800000000000001,9.799999999999999,7.84
17b4f125,DA,40,40,21,6,12,7.0,7.0,9.5,7.6000000000000005
17b4f125,DA,40,40,22,17,5,7.0,7.0,9.5,7.6000000000000005
17b4f125,DA,40,40,23,19,25,7.300000000000001,7.300000000000001,9.049999999999999,7.239999999999999
17b4f125,DA,40,40,24,12,26,7.5,7.5,8.75,7.0
17b4f125,DA,40,40,25,32,19,7.7,7.7,8.45,6.76
17b4f125,DA,40,40,26,27,18,8.1,8.1,7.850000000000001,6.280000000000001
17b4f125,DA,40,40,27,31,1,8.3,8.3,7.549999999999999,6.039999999999999
a34b4518,DA,40,40,0,6,1,0.1,0.1,19.85,15.880000000000003
a34b4518,DA,40,40,1,32,18,0.4,0.4,19.4,15.52
a34b4518,DA,40,40,2,1,25,0.9,0.9,18.65,14.92
a34b4518,DA,40,40,3,34,5,1.1,1.1,18.35,14.680000000000001
a34b4518,DA,40,40,4,39,30,1.1,1.1,18.35,14.680000000000001
a34b4518,DA,40,40,5,35,38,1.3,1.3,18.05,14.440000000000001
a34b4518,DA,40,40,6,5,2,1.8,1.8,17.3,13.840000000000002
a34b4518,DA,40,40,7,4,10,1.9000000000000001,1.9000000000000001,17.15,13.719999999999999
a34b4518,DA,40,40,8,17,9,2.4000000000000004,2.4000000000000004,16.4,13.12
a34b4518,DA,40,40,9,22,24,2.8000000000000003,2.8000000000000003,15.8,12.64
a34b4518,DA,40,40,10,19,37,3.0,3.0,15.5,12.4
a34b4518,DA,40,40,11,12,3,3.3000000000000003,3.3000000000000003,15.05,12.040000000000001
a34b4518,DA,40,40,12,29,34,3.9000000000000004,3.9000000000000004,14.149999999999999,11.32
a34b4518,DA,40,40,13,24,16,5.1000000000000005,5.1000000000000005,12.35,9.88
a34b4518,DA,40,40,14,14,21,5.4,5.4,11.899999999999999,9.52
a34b4518,DA,40,40,15,8,15,6.0,6.0,11.0,8.8
a34b4518,DA,40,40,16,30,36,6.5,6.5,10.25,8.200000000000001
a34b4518,DA,40,40,17,31,28,6.6000000000000005,6.6000000000000005,10.1,8.08
a34b4518,DA,40,40,18,37,35,6.6000000000000005,6.6000000000000005,10.1,8.08
a34b4518,DA,40,40,19,18,20,6.6000000000000005,6.6000000000000005,10.1,8.08
a34b4518,DA,40,40,20,2,19,6.800000000000001,6.800000000000001,9.799999999999999,7.84
a34b4518,DA,40,40,21,25,39,7.2,7.2,9.2,7.359999999999999
a34b4518,DA,40,40,22,27,6,7.300000000000001,7.300000000000001,9.049999999999999,7.239999999999999
a34b4518,DA,40,40,23,20,33,7.4,7.4,8.899999999999999,7.119999999999999
a34b4518,DA,40,40,24,11,13,7.5,7.5,8.75,7.0
a34b4518,DA,40,40,25,3,7,7.5,7.5,8.75,7.0
f68c744c,DA,40,40,0,20,12,0.0,0.0,20.0,16.0
f68c744c,DA,40,40,1,18,25,0.1,0.1,19.85,15.880000000000003
f68c744c,DA,40,40,2,36,32,0.2,0.2,19.7,15.76
f68c744c,DA,40,40,3,21,6,0.4,0.4,19.4,15.52
f68c744c,DA,40,40,4,17,23,0.9,0.9,18.65,14.92
f68c744c,DA,40,40,5,14,37,1.8,1.8,17.3,13.840000000000002
f68c744c,DA,40,40,6,11,10,1.9000000000000001,1.9000000000000001,17.15,13.719999999999999
f68c744c,DA,40,40,7,32,33,2.4000000000000004,2.4000000000000004,16.4,13.12
f68c744c,DA,40,40,8,39,24,2.8000000000000003,2.8000000000000003,15.8,12.64
f68c744c,DA,40,40,9,3,3,3.2,3.2,15.2,12.16
f68c744c,DA,40,40,10,12,0,3.3000000000000003,3.3000000000000003,15.05,12.040000000000001
f68c744c,DA,40,40,11,6,20,3.4000000000000004,3.4000000000000004,14.899999999999999,11.92
f68c744c,DA,40,40,12,29,4,3.7,3.7,14.45,11.56
f68c744c,DA,40,40,13,10,7,3.8000000000000003,3.8000000000000003,14.3,11.440000000000001
f68c744c,DA,40,40,14,5,38,4.6000000000000005,4.6000000000000005,13.1,10.48
f68c744c,DA,40,40,15,25,29,4.7,4.7,12.95,10.36
f68c744c,DA,40,40,16,23,13,4.800000000000001,4.800000000000001,12.799999999999999,10.24
f68c744c,DA,40,40,17,0,1,4.9,4.9,12.649999999999999,10.12
f68c744c,DA,40,40,18,30,35,5.1000000000000005,5.1000000000000005,12.35,9.88
f68c744c,DA,40,40,19,2,9,5.9,5.9,11.149999999999999,8.92
f68c744c,DA,40,40,20,26,15,6.0,6.0,11.0,8.8
f68c744c,DA,40,40,21,4,2,6.2,6.2,10.7,8.56
f68c744c,DA,40,40,22,22,34,6.2,6.2,10.7,8.56
f68c744c,DA,40,40,23,37,11,6.5,6.5,10.25,8.200000000000001
f68c744c,DA,40,40,24,33,16,6.6000000000000005,6.6000000000000005,10.1,8.08
f68c744c,DA,40,40,25,34,22,7.0,7.0,9.5,7.6000000000000005
f68c744c,DA,40,40,26,31,27,7.300000000000001,7.300000000000001,9.049999999999999,7.239999999999999
f68c744c,DA,40,40,27,38,14,7.6000000000000005,7.6000000000000005,8.6,6.88
f68c744c,DA,40,40,28,16,8,8.3,8.3,7.549999999999999,6.039999999999999
105e064f,DA,40,40,0,13,3,0.0,0.0,20.0,16.0
105e064f,DA,40,40,1,9,9,0.30000000000000004,0.30000000000000004,19.55,15.64
105e064f,DA,40,40,2,5,2,0.5,0.5,19.25,15.4
105e064f,DA,40,40,3,8,31,1.5,1.5,17.75,14.200000000000001
105e064f,DA,40,40,4,30,24,2.0,2.0,17.0,13.600000000000001
105e064f,DA,40,40,5,12,28,2.2,2.2,16.7,13.36
105e064f,DA,40,40,6,21,5,2.4000000000000004,2.4000000000000004,16.4,13.12
105e064f,DA,40,40,7,1,7,2.5,2.5,16.25,13.0
105e064f,DA,40,40,8,19,0,2.5,2.5,16.25,13.0
105e064f,DA,40,40,9,14,1,2.5,2.5,16.25,13.0
105e064f,DA,40,40,10,3,35,2.5,2.5,16.25,13.0
105e064f,DA,40,40,11,20,21,2.8000000000000003,2.8000000000000003,15.8,12.64
105e064f,DA,40,40,12,27,38,2.8000000000000003,2.8000000000000003,15.8,12.64
105e064f,DA,40,40,13,22,27,3.3000000000000003,3.3000000000000003,15.05,12.040000000000001
105e064f,DA,40,40,14,6,33,3.3000000000000003,3.3000000000000003,15.05,12.040000000000001
105e064f,DA,40,40,15,23,32,3.4000000000000004,3.4000000000000004,14.899999999999999,11.92
105e064f,DA,40,40,16,24,14,4.0,4.0,14.0,11.200000000000001
105e064f,DA,40,40,17,33,25,4.6000000000000005,4.6000000000000005,13.1,10.48
105e064f,DA,40,40,18,25,17,5.0,5.0,12.5,10.0
105e064f,DA,40,40,19,31,20,5.2,5.2,12.2,9.76
105e064f,DA,40,40,20,37,15,5.300000000000001,5.300000000000001,12.049999999999999,9.64
105e064f,DA,40,40,21,4,39,5.300000000000001,5.300000000000001,12.049999999999999,9.64
105e064f,DA,40,40,22,2,18,5.4,5.4,11.899999999999999,9.52
105e064f,DA,40,40,23,0,10,5.6000000000000005,5.6000000000000005,11.6,9.28
105e064f,DA,40,40,24,7,4,5.800000000000001,5.800000000000001,11.299999999999999,9.04
105e064f,DA,40,40,25,18,23,6.0,6.0,11.0,8.8
105e064f,DA,40,40,26,16,30,6.0,6.0,11.0,8.8
105e064f,DA,40,40,27,36,8,6.4,6.4,10.399999999999999,8.319999999999999
105e064f,DA,40,40,28,26,19,6.5,6.5,10.25,8.200000000000001
105e064f,DA,40,40,29,28,37,6.6000000000000005,6.6000000000000005,10.1,8.08
105e064f,DA,40,40,30,38,11,6.800000000000001,6.800000000000001,9.799999999999999,7.84
105e064f,DA,40,40,31,35,34,6.9,6.9,9.649999999999999,7.719999999999999
105e064f,DA,40,40,32,34,6,7.6000000000000005,7.6000000000000005,8.6,6.88
105e064f,DA,40,40,33,39,12,8.4,8.4,7.399999999999999,5.919999999999999
f6022243,DA,40,40,0,1,13,0.0,0.0,20.0,16.0
f6022243,DA,40,40,1,37,36,1.2000000000000002,1.2000000000000002,18.2,14.56
f6022243,DA,40,40,2,30,39,1.7000000000000002,1.7000000000000002,17.45,13.96
f6022243,DA,40,40,3,6,1,2.0,2.0,17.0,13.600000000000001
f6022243,DA,40,40,4,0,6,2.0,2.0,17.0,13.600000000000001
f6022243,DA,40,40,5,33,38,3.2,3.2,15.2,12.16
f6022243,DA,40,40,6,32,8,3.5,3.5,14.75,11.8
f6022243,DA,40,40,7,23,22,3.7,3.7,14.45,11.56
f6022243,DA,40,40,8,25,18,3.8000000000000003,3.8000000000000003,14.3,11.440000000000001
f6022243,DA,40,40,9,7,10,4.6000000000000005,4.6000000000000005,13.1,10.48
f6022243,DA,40,40,10,27,35,4.800000000000001,4.800000000000001,12.799999999999999,10.24
f6022243,DA,40,40,11,15,19,4.9,4.9,12.649999999999999,10.12
f6022243,DA,40,40,12,21,20,5.0,5.0,12.5,10.0
f6022243,DA,40,40,13,16,28,5.4,5.4,11.899999999999999,9.52
f6022243,DA,40,40,14,13,17,5.800000000000001,5.800000000000001,11.299999999999999,9.04
f6022243,DA,40,40,15,31,26,6.0,6.0,11.0,8.8
f6022243,DA,40,40,16,12,9,6.1000000000000005,6.1000000000000005,10.85,8.68
f6022243,DA,40,40,17,18,3,6.300000000000001,6.300000000000001,10.549999999999999,8.44
f6022243,DA,40,40,18,5,11,6.300000000000001,6.300000000000001,10.549999999999999,8.44
f6022243,DA,40,40,19,24,21,6.4,6.4,10.399999999999999,8.319999999999999
f6022243,DA,40,40,20,3,24,6.800000000000001,6.800000000000001,9.799999999999999,7.84
f6022243,DA,40,40,21,4,0,6.9,6.9,9.649999999999999,7.719999999999999
f6022243,DA,40,40,22,11,23,7.2,7.2,9.2,7.359999999999999
f6022243,DA,40,40,23,36,29,7.2,7.2,9.2,7.359999999999999
f6022243,DA,40,40,24,34,25,7.300000000000001,7.300000000000001,9.049999999999999,7.239999999999999
f6022243,DA,40,40,25,20,14,7.4,7.4,8.899999999999999,7.119999999999999
f6022243,DA,40,40,26,9,31,7.6000000000000005,7.6000000000000005,8.6,6.88
f6022243,DA,40,40,27,17,34,7.800000000000001,7.800000000000001,8.299999999999999,6.64
ea21fbf2,FPi,20,20,0,7,17,0.0,0.0,10.0,8.0
ea21fbf2,FPi,20,20,1,4,14,0.0,0.0,10.0,8.0
ea21fbf2,FPi,20,20,2,15,13,0.1,0.1,10.0,8.0
ea21fbf2,FPi,20,20,3,5,10,0.30000000000000004,0.30000000000000004,10.0,8.0
ea21fbf2,FPi,20,20,4,14,19,0.4,0.4,10.0,8.0
ea21fbf2,FPi,20,20,5,17,12,0.7000000000000001,0.7000000000000001,10.0,8.0
ea21fbf2,FPi,20,20,6,19,15,0.7000000000000001,0.7000000000000001,10.0,8.0
ea21fbf2,FPi,20,20,7,3,0,0.7000000000000001,0.7000000000000001,10.0,8.0
ea21fbf2,FPi,20,20,8,18,4,0.7000000000000001,0.7000000000000001,10.0,8.0
ea21fbf2,FPi,20,20,9,13,3,1.0,1.0,10.0,8.0
ea21fbf2,FPi,20,20,10,0,8,1.5,1.5,10.0,8.0
ea21fbf2,FPi,20,20,11,8,9,1.9000000000000001,1.9000000000000001,10.0,8.0
83f8aad4,FPi,20,20,0,5,8,0.0,0.0,10.0,8.0
83f8aad4,FPi,20,20,1,6,11,0.1,0.1,10.0,8.0
83f8aad4,FPi,20,20,2,19,16,0.1,0.1,10.0,8.0
83f8aad4,FPi,20,20,3,8,10,0.2,0.2,10.0,8.0
83f8aad4,FPi,20,20,4,13,13,0.2,0.2,10.0,8.0
83f8aad4,FPi,20,20,5,10,0,0.2,0.2,10.0,8.0
83f8aad4,FPi,20,20,6,12,15,0.2,0.2,10.0,8.0
83f8aad4,FPi,20,20,7,9,18,0.4,0.4,10.0,8.0
83f8aad4,FPi,20,20,8,7,12,0.4,0.4,10.0,8.0
83f8aad4,FPi,20,20,9,4,17,0.4,0.4,10.0,8.0
83f8aad4,FPi,20,20,10,16,6,0.4,0.4,10.0,8.0
83f8aad4,FPi,20,20,11,2,14,0.5,0.5,10.0,8.0
83f8aad4,FPi,20,20,12,17,2,0.6000000000000001,0.6000000000000001,10.0,8.0
83f8aad4,FPi,20,20,13,11,3,0.6000000000000001,0.6000000000000001,10.0,8.0
7707b9e7,FPi,20,20,0,13,8,0.0,0.0,10.0,8.0
7707b9e7,FPi,20,20,1,17,17,0.0,0.0,10.0,8.0
7707b9e7,FPi,20,20,2,19,11,0.1,0.1,10.0,8.0
7707b9e7,FPi,20,20,3,2,12,0.1,0.1,10.0,8.0
7707b9e7,FPi,20,20,4,14,4,0.1,0.1,10.0,8.0
7707b9e7,FPi,20,20,5,16,9,0.2,0.2,10.0,8.0
7707b9e7,FPi,20,20,6,11,10,0.2,0.2,10.0,8.0
7707b9e7,FPi,20,20,7,12,1,0.30000000000000004,0.30000000000000004,10.0,8.0
7707b9e7,FPi,20,20,8,18,15,0.4,0.4,10.0,8.0
7707b9e7,FPi,20,20,9,10,19,0.4,0.4,10.0,8.0
7707b9e7,FPi,20,20,10,15,3,0.4,0.4,10.0,8.0
7707b9e7,FPi,20,20,11,8,7,0.6000000000000001,0.6000000000000001,10.0,8.0
7707b9e7,FPi,20,20,12,6,18,0.9,0.9,10.0,8.0
7707b9e7,FPi,20,20,13,4,13,0.9,0.9,10.0,8.0
19053a59,FPi,20,20,0,6,15,0.0,0.0,10.0,8.0
19053a59,FPi,20,20,1,1,10,0.0,0.0,10.0,8.0
19053a59,FPi,20,20,2,13,16,0.0,0.0,10.0,8.0
19053a59,FPi,20,20,3,0,4,0.0,0.0,10.0,8.0
19053a59,FPi,20,20,4,12,14,0.0,0.0,10.0,8.0
19053a59,FPi,20,20,5,19,18,0.1,0.1,10.0,8.0
19053a59,FPi,20,20,6,10,6,0.1,0.1,10.0,8.0
19053a59,FPi,20,20,7,17,13,0.1,0.1,10.0,8.0
19053a59,FPi,20,20,8,2,1,0.1,0.1,10.0,8.0
19053a59,FPi,20,20,9,3,2,0.1,0.1,10.0,8.0
19053a59,FPi,20,20,10,4,12,0.2,0.2,10.0,8.0
19053a59,FPi,20,20,11,5,5,0.2,0.2,10.0,8.0
19053a59,FPi,20,20,12,11,8,0.2,0.2,10.0,8.0
19053a59,FPi,20,20,13,8,0,0.2,0.2,10.0,8.0
19053a59,FPi,20,20,14,16,19,0.2,0.2,10.0,8.0
19053a59,FPi,20,20,15,15,7,0.4,0.4,10.0,8.0
be94fe5f,FPi,20,20,0,16,14,0.0,0.0,10.0,8.0
be94fe5f,FPi,20,20,1,6,15,0.0,0.0,10.0,8.0
be94fe5f,FPi,20,20,2,1,0,0.0,0.0,10.0,8.0
be94fe5f,FPi,20,20,3,11,13,0.1,0.1,10.0,8.0
be94fe5f,FPi,20,20,4,17,6,0.1,0.1,10.0,8.0
be94fe5f,FPi,20,20,5,2,19,0.2,0.2,10.0,8.0
be94fe5f,FPi,20,20,6,19,1,0.30000000000000004,0.30000000000000004,10.0,8.0
be94fe5f,FPi,20,20,7,12,8,0.5,0.5,10.0,8.0
be94fe5f,FPi,20,20,8,8,3,0.5,0.5,10.0,8.0
be94fe5f,FPi,20,20,9,9,2,0.7000000000000001,0.7000000000000001,10.0,8.0
be94fe5f,FPi,20,20,10,0,5,0.8,0.8,10.0,8.0
512abbe6,FPi,20,40,0,18,17,0.1,0.1,10.0,8.0
512abbe6,FPi,20,40,1,4,3,0.1,0.1,10.0,8.0
512abbe6,FPi,20,40,2,17,13,0.1,0.1,10.0,8.0
512abbe6,FPi,20,40,3,30,16,0.2,0.2,10.0,8.0
512abbe6,FPi,20,40,4,21,19,0.2,0.2,10.0,8.0
512abbe6,FPi,20,40,5,31,11,0.30000000000000004,0.30000000000000004,10.0,8.0
512abbe6,FPi,20,40,6,35,15,0.30000000000000004,0.30000000000000004,10.0,8.0
512abbe6,FPi,20,40,7,1,0,0.4,0.4,10.0,8.0
512abbe6,FPi,20,40,8,7,18,0.5,0.5,10.0,8.0
512abbe6,FPi,20,40,9,39,4,0.5,0.5,10.0,8.0
512abbe6,FPi,20,40,10,2,9,0.5,0.5,10.0,8.0
512abbe6,FPi,20,40,11,34,12,0.5,0.5,10.0,8.0
512abbe6,FPi,20,40,12,16,1,0.6000000000000001,0.6000000000000001,10.0,8.0
512abbe6,FPi,20,40,13,22,8,0.6000000000000001,0.6000000000000001,10.0,8.0
512abbe6,FPi,20,40,14,36,7,0.7000000000000001,0.7000000000000001,10.0,8.0
512abbe6,FPi,20,40,15,10,2,0.9,0.9,10.0,8.0
beb517d7,FPi,20,40,0,6,5,0.0,0.0,10.0,8.0
beb517d7,FPi,20,40,1,37,16,0.0,0.0,10.0,8.0
beb517d7,FPi,20,40,2,23,4,0.0,0.0,10.0,8.0
beb517d7,FPi,20,40,3,8,1,0.2,0.2,10.0,8.0
beb517d7,FPi,20,40,4,24,6,0.2,0.2,10.0,8.0
beb517d7,FPi,20,40,5,36,7,0.2,0.2,10.0,8.0
beb517d7,FPi,20,40,6,12,0,0.30000000000000004,0.30000000000000004,10.0,8.0
beb517d7,FPi,20,40,7,1,9,0.30000000000000004,0.30000000000000004,10.0,8.0
beb517d7,FPi,20,40,8,11,14,0.30000000000000004,0.30000000000000004,10.0,8.0
beb517d7,FPi,20,40,9,31,2,0.4,0.4,10.0,8.0
beb517d7,FPi,20,40,10,21,18,0.4,0.4,10.0,8.0
beb517d7,FPi,20,40,11,16,8,0.5,0.5,10.0,8.0
beb517d7,FPi,20,40,12,18,11,0.5,0.5,10.0,8.0
beb517d7,FPi,20,40,13,2,15,0.6000000000000001,0.6000000000000001,10.0,8.0
beb517d7,FPi,20,40,14,4,13,0.7000000000000001,0.7000000000000001,10.0,8.0
beb517d7,FPi,20,40,15,22,12,0.7000000000000001,0.7000000000000001,10.0,8.0
beb517d7,FPi,20,40,16,39,17,0.7000000000000001,0.7000000000000001,10.0,8.0
beb517d7,FPi,20,40,17,14,19,0.7000000000000001,0.7000000000000001,10.0,8.0
beb517d7,FPi,20,40,18,28,3,0.8,0.8,10.0,8.0
4248e64a,FPi,20,40,0,6,18,0.0,0.0,10.0,8.0
4248e64a,FPi,20,40,1,27,3,0.0,0.0,10.0,8.0
4248e64a,FPi,20,40,2,28,8,0.0,0.0,10.0,8.0
4248e64a,FPi,20,40,3,24,13,0.0,0.0,10.0,8.0
4248e64a,FPi,20,40,4,19,1,0.0,0.0,10.0,8.0
4248e64a,FPi,20,40,5,22,11,0.0,0.0,10.0,8.0
4248e64a,FPi,20,40,6,7,15,0.1,0.1,10.0,8.0
4248e64a,FPi,20,40,7,38,16,0.30000000000000004,0.30000000000000004,10.0,8.0
4248e64a,FPi,20,40,8,9,9,0.30000000000000004,0.30000000000000004,10.0,8.0
4248e64a,FPi,20,40,9,8,19,0.4,0.4,10.0,8.0
4248e64a,FPi,20,40,10,4,7,0.4,0.4,10.0,8.0
4248e64a,FPi,20,40,11,0,17,0.5,0.5,10.0,8.0
4248e64a,FPi,20,40,12,16,10,0.5,0.5,10.0,8.0
4248e64a,FPi,20,40,13,26,12,0.6000000000000001,0.6000000000000001,10.0,8.0
4248e64a,FPi,20,40,14,31,4,0.6000000000000001,0.6000000000000001,10.0,8.0
4248e64a,FPi,20,40,15,20,6,0.7000000000000001,0.7000000000000001,10.0,8.0
4248e64a,FPi,20,40,16,37,0,0.9,0.9,10.0,8.0
4248e64a,FPi,20,40,17,5,5,1.0,1.0,10.0,8.0
7032a4dd,FPi,20,40,0,39,18,0.0,0.0,10.0,8.0
7032a4dd,FPi,20,40,1,0,5,0.0,0.0,10.0,8.0
7032a4dd,FPi,20,40,2,27,1,0.0,0.0,10.0,8.0
7032a4dd,FPi,20,40,3,7,10,0.1,0.1,10.0,8.0
7032a4dd,FPi,20,40,4,13,4,0.1,0.1,10.0,8.0
7032a4dd,FPi,20,40,5,12,17,0.1,0.1,10.0,8.0
7032a4dd,FPi,20,40,6,34,16,0.1,0.1,10.0,8.0
7032a4dd,FPi,20,40,7,4,11,0.2,0.2,10.0,8.0
7032a4dd,FPi,20,40,8,22,8,0.2,0.2,10.0,8.0
7032a4dd,FPi,20,40,9,25,12,0.2,0.2,10.0,8.0
7032a4dd,FPi,20,40,10,33,7,0.30000000000000004,0.30000000000000004,10.0,8.0
7032a4dd,FPi,20,40,11,8,2,0.30000000000000004,0.30000000000000004,10.0,8.0
7032a4dd,FPi,20,40,12,2,13,0.30000000000000004,0.30000000000000004,10.0,8.0
7032a4dd,FPi,20,40,13,30,19,0.4,0.4,10.0,8.0
7032a4dd,FPi,20,40,14,17,9,0.5,0.5,10.0,8.0
7032a4dd,FPi,20,40,15,18,3,0.8,0.8,10.0,8.0
7032a4dd,FPi,20,40,16,38,15,1.3,1.3,10.0,8.0
83f7f016,FPi,20,40,0,39,16,0.0,0.0,10.0,8.0
83f7f016,FPi,20,40,1,20,11,0.0,0.0,10.0,8.0
83f7f016,FPi,20,40,2,28,2,0.0,0.0,10.0,8.0
83f7f016,FPi,20,40,3,35,7,0.0,0.0,10.0,8.0
83f7f016,FPi,20,40,4,29,10,0.2,0.2,10.0,8.0
83f7f016,FPi,20,40,5,6,18,0.30000000000000004,0.30000000000000004,10.0,8.0
83f7f016,FPi,20,40,6,0,9,0.5,0.5,10.0,8.0
83f7f016,FPi,20,40,7,21,19,0.6000000000000001,0.6000000000000001,10.0,8.0
83f7f016,FPi,20,40,8,10,1,0.6000000000000001,0.6000000000000001,10.0,8.0
83f7f016,FPi,20,40,9,1,4,0.7000000000000001,0.7000000000000001,10.0,8.0
83f7f016,FPi,20,40,10,12,0,0.7000000000000001,0.7000000000000001,10.0,8.0
83f7f016,FPi,20,40,11,18,17,0.7000000000000001,0.7000000000000001,10.0,8.0
83f7f016,FPi,20,40,12,37,3,0.7000000000000001,0.7000000000000001,10.0,8.0
83f7f016,FPi,20,40,13,22,12,0.8,0.8,10.0,8.0
83f7f016,FPi,20,40,14,32,15,0.9,0.9,10.0,8.0
83f7f016,FPi,20,40,15,14,8,1.0,1.0,10.0,8.0
83f7f016,FPi,20,40,16,30,13,1.0,1.0,10.0,8.0
83f7f016,FPi,20,40,17,23,14,1.0,1.0,10.0,8.0
89e64da7,FPi,40,20,0,13,2,0.0,0.0,10.0,8.0
89e64da7,FPi,40,20,1,16,32,0.0,0.0,10.0,8.0
89e64da7,FPi,40,20,2,3,8,0.0,0.0,10.0,8.0
89e64da7,FPi,40,20,3,9,5,0.1,0.1,10.0,8.0
89e64da7,FPi,40,20,4,15,25,0.2,0.2,10.0,8.0
89e64da7,FPi,40,20,5,7,13,0.2,0.2,10.0,8.0
89e64da7,FPi,40,20,6,4,3,0.2,0.2,10.0,8.0
89e64da7,FPi,40,20,7,5,27,0.2,0.2,10.0,8.0
89e64da7,FPi,40,20,8,12,33,0.2,0.2,10.0,8.0
89e64da7,FPi,40,20,9,10,26,0.30000000000000004,0.30000000000000004,10.0,8.0
89e64da7,FPi,40,20,10,2,17,0.30000000000000004,0.30000000000000004,10.0,8.0
89e64da7,FPi,40,20,11,17,10,0.30000000000000004,0.30000000000000004,10.0,8.0
89e64da7,FPi,40,20,12,6,21,0.4,0.4,10.0,8.0
89e64da7,FPi,40,20,13,11,6,0.4,0.4,10.0,8.0
89e64da7,FPi,40,20,14,0,24,0.6000000000000001,0.6000000000000001,10.0,8.0
29e4fafc,FPi,40,20,0,6,13,0.0,0.0,10.0,8.0
29e4fafc,FPi,40,20,1,14,39,0.0,0.0,10.0,8.0
29e4fafc,FPi,40,20,2,7,29,0.1,0.1,10.0,8.0
29e4fafc,FPi,40,20,3,3,1,0.1,0.1,10.0,8.0
29e4fafc,FPi,40,20,4,4,35,0.1,0.1,10.0,8.0
29e4fafc,FPi,40,20,5,0,27,0.1,0.1,10.0,8.0
29e4fafc,FPi,40,20,6,12,5,0.1,0.1,10.0,8.0
29e4fafc,FPi,40,20,7,8,12,0.2,0.2,10.0,8.0
29e4fafc,FPi,40,20,8,17,10,0.30000000000000004,0.30000000000000004,10.0,8.0
29e4fafc,FPi,40,20,9,9,11,0.30000000000000004,0.30000000000000004,10.0,8.0
29e4fafc,FPi,40,20,10,18,7,0.30000000000000004,0.30000000000000004,10.0,8.0
29e4fafc,FPi,40,20,11,2,0,0.4,0.4,10.0,8.0
29e4fafc,FPi,40,20,12,5,15,0.4,0.4,10.0,8.0
29e4fafc,FPi,40,20,13,11,4,0.4,0.4,10.0,8.0
29e4fafc,FPi,40,20,14,1,31,0.5,0.5,10.0,8.0
29e4fafc,FPi,40,20,15,13,9,0.5,0.5,10.0,8.0
29e4fafc,FPi,40,20,16,10,14,0.6000000000000001,0.6000000000000001,10.0,8.0
29e4fafc,FPi,40,20,17,19,8,0.6000000000000001,0.6000000000000001,10.0,8.0
ddac803b,FPi,40,20,0,1,14,0.1,0.1,10.0,8.0
ddac803b,FPi,40,20,1,7,34,0.1,0.1,10.0,8.0
ddac803b,FPi,40,20,2,0,2,0.1,0.1,10.0,8.0
ddac803b,FPi,40,20,3,6,11,0.1,0.1,10.0,8.0
ddac803b,FPi,40,20,4,3,25,0.30000000000000004,0.30000000000000004,10.0,8.0
ddac803b,FPi,40,20,5,13,20,0.30000000000000004,0.30000000000000004,10.0,8.0
ddac803b,FPi,40,20,6,8,5,0.4,0.4,10.0,8.0
ddac803b,FPi,40,20,7,15,32,0.4,0.4,10.0,8.0
ddac803b,FPi,40,20,8,5,23,0.5,0.5,10.0,8.0
ddac803b,FPi,40,20,9,18,21,0.6000000000000001,0.6000000000000001,10.0,8.0
ddac803b,FPi,40,20,10,11,16,0.7000000000000001,0.7000000000000001,10.0,8.0
ddac803b,FPi,40,20,11,9,1,1.3,1.3,10.0,8.0
ddac803b,FPi,40,20,12,10,26,1.4000000000000001,1.4000000000000001,10.0,8.0
2f3c2415,FPi,40,20,0,2,22,0.1,0.1,10.0,8.0
2f3c2415,FPi,40,20,1,15,14,0.2,0.2,10.0,8.0
2f3c2415,FPi,40,20,2,6,30,0.2,0.2,10.0,8.0
2f3c2415,FPi,40,20,3,12,31,0.4,0.4,10.0,8.0
2f3c2415,FPi,40,20,4,13,1,0.4,0.4,10.0,8.0
2f3c2415,FPi,40,20,5,9,3,0.4,0.4,10.0,8.0
2f3c2415,FPi,40,20,6,8,6,0.5,0.5,10.0,8.0
2f3c2415,FPi,40,20,7,1,27,0.5,0.5,10.0,8.0
2f3c2415,FPi,40,20,8,18,5,0.5,0.5,10.0,8.0
2f3c2415,FPi,40,20,9,3,39,0.6000000000000001,0.6000000000000001,10.0,8.0
2f3c2415,FPi,40,20,10,5,33,0.7000000000000001,0.7000000000000001,10.0,8.0
2f3c2415,FPi,40,20,11,17,11,0.8,0.8,10.0,8.0
2f3c2415,FPi,40,20,12,11,16,0.9,0.9,10.0,8.0
2f3c2415,FPi,40,20,13,0,17,1.2000000000000002,1.2000000000000002,10.0,8.0
a967c6aa,FPi,40,20,0,16,22,0.0,0.0,10.0,8.0
a967c6aa,FPi,40,20,1,14,38,0.0,0.0,10.0,8.0
a967c6aa,FPi,40,20,2,10,15,0.1,0.1,10.0,8.0
a967c6aa,FPi,40,20,3,6,12,0.1,0.1,10.0,8.0
a967c6aa,FPi,40,20,4,15,24,0.2,0.2,10.0,8.0
a967c6aa,FPi,40,20,5,0,13,0.2,0.2,10.0,8.0
a967c6aa,FPi,40,20,6,19,19,0.2,0.2,10.0,8.0
a967c6aa,FPi,40,20,7,2,8,0.30000000000000004,0.30000000000000004,10.0,8.0
a967c6aa,FPi,40,20,8,5,1,0.4,0.4,10.0,8.0
a967c6aa,FPi,40,20,9,1,9,0.6000000000000001,0.6000000000000001,10.0,8.0
a967c6aa,FPi,40,20,10,4,37,0.7000000000000001,0.7000000000000001,10.0,8.0
a967c6aa,FPi,40,20,11,13,25,0.9,0.9,10.0,8.0
a967c6aa,FPi,40,20,12,8,29,1.8,1.8,10.0,8.0
6c43e372,FPi,40,40,0,9,16,0.0,0.0,10.0,8.0
6c43e372,FPi,40,40,1,27,18,0.0,0.0,10.0,8.0
6c43e372,FPi,40,40,2,30,3,0.1,0.1,10.0,8.0
6c43e372,FPi,40,40,3,15,2,0.2,0.2,10.0,8.0
6c43e372,FPi,40,40,4,33,38,0.30000000000000004,0.30000000000000004,10.0,8.0
6c43e372,FPi,40,40,5,5,25,0.30000000000000004,0.30000000000000004,10.0,8.0
6c43e372,FPi,40,40,6,31,23,0.4,0.4,10.0,8.0
6c43e372,FPi,40,40,7,37,39,0.4,0.4,10.0,8.0
6c43e372,FPi,40,40,8,20,14,0.5,0.5,10.0,8.0
6c43e372,FPi,40,40,9,13,5,0.5,0.5,10.0,8.0
6c43e372,FPi,40,40,10,39,26,0.5,0.5,10.0,8.0
6c43e372,FPi,40,40,11,3,0,0.5,0.5,10.0,8.0
6c43e372,FPi,40,40,12,10,35,0.6000000000000001,0.6000000000000001,10.0,8.0
6c43e372,FPi,40,40,13,11,36,0.6000000000000001,0.6000000000000001,10.0,8.0
6c43e372,FPi,40,40,14,4,19,0.6000000000000001,0.6000000000000001,10.0,8.0
6c43e372,FPi,40,40,15,8,7,0.7000000000000001,0.7000000000000001,10.0,8.0
6c43e372,FPi,40,40,16,26,32,0.8,0.8,10.0,8.0
6c43e372,FPi,40,40,17,23,21,0.8,0.8,10.0,8.0
6c43e372,FPi,40,40,18,0,10,0.8,0.8,10.0,8.0
6c43e372,FPi,40,40,19,28,13,0.8,0.8,10.0,8.0
6c43e372,FPi,40,40,20,34,12,0.8,0.8,10.0,8.0
6c43e372,FPi,40,40,21,17,34,1.0,1.0,10.0,8.0
6c43e372,FPi,40,40,22,24,30,1.3,1.3,10.0,8.0
6c43e372,FPi,40,40,23,1,29,1.5,1.5,10.0,8.0
6c43e372,FPi,40,40,24,16,28,1.7000000000000002,1.7000000000000002,10.0,8.0
6c43e372,FPi,40,40,25,22,24,1.8,1.8,10.0,8.0
6c43e372,FPi,40,40,26,36,37,1.9000000000000001,1.9000000000000001,10.0,8.0
6c43e372,FPi,40,40,27,7,22,2.4000000000000004,2.4000000000000004,10.0,8.0
6c43e372,FPi,40,40,28,38,27,2.5,2.5,10.0,8.0
6c43e372,FPi,40,40,29,14,4,3.4000000000000004,3.4000000000000004,10.0,8.0
6c43e372,FPi,40,40,30,21,17,3.6,3.6,10.0,8.0
2c2af7c8,FPi,40,40,0,38,17,0.0,0.0,10.0,8.0
2c2af7c8,FPi,40,40,1,11,27,0.0,0.0,10.0,8.0
2c2af7c8,FPi,40,40,2,33,16,0.0,0.0,10.0,8.0
2c2af7c8,FPi,40,40,3,4,19,0.1,0.1,10.0,8.0
2c2af7c8,FPi,40,40,4,19,3,0.1,0.1,10.0,8.0
2c2af7c8,FPi,40,40,5,6,30,0.2,0.2,10.0,8.0
2c2af7c8,FPi,40,40,6,34,20,0.30000000000000004,0.30000000000000004,10.0,8.0
2c2af7c8,FPi,40,40,7,8,18,0.4,0.4,10.0,8.0
2c2af7c8,FPi,40,40,8,31,26,0.4,0.4,10.0,8.0
2c2af7c8,FPi,40,40,9,37,12,0.4,0.4,10.0,8.0
2c2af7c8,FPi,40,40,10,23,25,0.6000000000000001,0.6000000000000001,10.0,8.0
2c2af7c8,FPi,40,40,11,29,11,0.6000000000000001,0.6000000000000001,10.0,8.0
2c2af7c8,FPi,40,40,12,13,8,0.7000000000000001,0.7000000000000001,10.0,8.0
2c2af7c8,FPi,40,40,13,10,0,0.7000000000000001,0.7000000000000001,10.0,8.0
2c2af7c8,FPi,40,40,14,36,32,0.7000000000000001,0.7000000000000001,10.0,8.0
2c2af7c8,FPi,40,40,15,39,10,0.7000000000000001,0.7000000000000001,10.0,8.0
2c2af7c8,FPi,40,40,16,14,31,0.8,0.8,10.0,8.0
2c2af7c8,FPi,40,40,17,24,9,0.8,0.8,10.0,8.0
2c2af7c8,FPi,40,40,18,18,29,0.8,0.8,10.0,8.0
2c2af7c8,FPi,40,40,19,27,22,0.9,0.9,10.0,8.0
2c2af7c8,FPi,40,40,20,17,39,0.9,0.9,10.0,8.0
2c2af7c8,FPi,40,40,21,22,21,1.0,1.0,10.0,8.0
2c2af7c8,FPi,40,40,22,16,4,1.0,1.0,10.0,8.0
2c2af7c8,FPi,40,40,23,12,28,1.0,1.0,10.0,8.0
2c2af7c8,FPi,40,40,24,7,15,1.1,1.1,10.0,8.0
2c2af7c8,FPi,40,40,25,30,34,1.4000000000000001,1.4000000000000001,10.0,8.0
2c2af7c8,FPi,40,40,26,20,14,1.6,1.6,10.0,8.0
2c2af7c8,FPi,40,40,27,15,37,2.1,2.1,10.0,8.0
57886282,FPi,40,40,0,5,30,0.0,0.0,10.0,8.0
57886282,FPi,40,40,1,16,7,0.1,0.1,10.0,8.0
57886282,FPi,40,40,2,1,19,0.1,0.1,10.0,8.0
57886282,FPi,40,40,3,14,38,0.1,0.1,10.0,8.0
57886282,FPi,40,40,4,24,24,0.2,0.2,10.0,8.0
57886282,FPi,40,40,5,7,2,0.2,0.2,10.0,8.0
57886282,FPi,40,40,6,3,4,0.4,0.4,10.0,8.0
57886282,FPi,40,40,7,4,35,0.4,0.4,10.0,8.0
57886282,FPi,40,40,8,17,8,0.6000000000000001,0.6000000000000001,10.0,8.0
57886282,FPi,40,40,9,20,6,0.8,0.8,10.0,8.0
57886282,FPi,40,40,10,18,9,0.8,0.8,10.0,8.0
57886282,FPi,40,40,11,8,1,0.9,0.9,10.0,8.0
57886282,FPi,40,40,12,21,25,0.9,0.9,10.0,8.0
57886282,FPi,40,40,13,26,21,1.1,1.1,10.0,8.0
57886282,FPi,40,40,14,12,22,1.1,1.1,10.0,8.0
57886282,FPi,40,40,15,10,3,1.4000000000000001,1.4000000000000001,10.0,8.0
57886282,FPi,40,40,16,36,0,1.7000000000000002,1.7000000000000002,10.0,8.0
57886282,FPi,40,40,17,25,20,1.9000000000000001,1.9000000000000001,10.0,8.0
57886282,FPi,40,40,18,19,32,1.9000000000000001,1.9000000000000001,10.0,8.0
57886282,FPi,40,40,19,31,27,2.1,2.1,10.0,8.0
57886282,FPi,40,40,20,9,31,2.2,2.2,10.0,8.0
57886282,FPi,40,40,21,33,34,2.7,2.7,10.0,8.0
57886282,FPi,40,40,22,13,29,3.0,3.0,10.0,8.0
57886282,FPi,40,40,23,2,16,3.1,3.1,10.0,8.0
57886282,FPi,40,40,24,28,18,3.5,3.5,10.0,8.0
57886282,FPi,40,40,25,22,15,3.7,3.7,10.0,8.0
57886282,FPi,40,40,26,32,37,4.0,4.0,10.0,8.0
cb67a254,FPi,40,40,0,32,15,0.0,0.0,10.0,8.0
cb67a254,FPi,40,40,1,26,36,0.1,0.1,10.0,8.0
cb67a254,FPi,40,40,2,39,27,0.1,0.1,10.0,8.0
cb67a254,FPi,40,40,3,23,29,0.2,0.2,10.0,8.0
cb67a254,FPi,40,40,4,37,18,0.2,0.2,10.0,8.0
cb67a254,FPi,40,40,5,38,3,0.30000000000000004,0.30000000000000004,10.0,8.0
cb67a254,FPi,40,40,6,22,23,0.5,0.5,10.0,8.0
cb67a254,FPi,40,40,7,20,10,0.5,0.5,10.0,8.0
cb67a254,FPi,40,40,8,24,14,0.6000000000000001,0.6000000000000001,10.0,8.0
cb67a254,FPi,40,40,9,34,4,0.7000000000000001,0.7000000000000001,10.0,8.0
cb67a254,FPi,40,40,10,3,34,0.8,0.8,10.0,8.0
cb67a254,FPi,40,40,11,30,2,1.0,1.0,10.0,8.0
cb67a254,FPi,40,40,12,14,1,1.1,1.1,10.0,8.0
cb67a254,FPi,40,40,13,4,33,1.3,1.3,10.0,8.0
cb67a254,FPi,40,40,14,27,32,1.4000000000000001,1.4000000000000001,10.0,8.0
cb67a254,FPi,40,40,15,0,16,1.5,1.5,10.0,8.0
cb67a254,FPi,40,40,16,9,35,1.7000000000000002,1.7000000000000002,10.0,8.0
cb67a254,FPi,40,40,17,35,38,1.7000000000000002,1.7000000000000002,10.0,8.0
cb67a254,FPi,40,40,18,2,19,1.7000000000000002,1.7000000000000002,10.0,8.0
cb67a254,FPi,40,40,19,21,20,1.9000000000000001,1.9000000000000001,10.0,8.0
cb67a254,FPi,40,40,20,28,0,1.9000000000000001,1.9000000000000001,10.0,8.0
cb67a254,FPi,40,40,21,8,28,2.7,2.7,10.0,8.0
bc393751,FPi,40,40,0,18,23,0.0,0.0,10.0,8.0
bc393751,FPi,40,40,1,6,9,0.0,0.0,10.0,8.0
bc393751,FPi,40,40,2,9,0,0.0,0.0,10.0,8.0
bc393751,FPi,40,40,3,5,13,0.0,0.0,10.0,8.0
bc393751,FPi,40,40,4,23,39,0.1,0.1,10.0,8.0
bc393751,FPi,40,40,5,33,16,0.1,0.1,10.0,8.0
bc393751,FPi,40,40,6,32,4,0.1,0.1,10.0,8.0
bc393751,FPi,40,40,7,24,14,0.1,0.1,10.0,8.0
bc393751,FPi,40,40,8,16,2,0.1,0.1,10.0,8.0
bc393751,FPi,40,40,9,38,18,0.1,0.1,10.0,8.0
bc393751,FPi,40,40,10,12,15,0.2,0.2,10.0,8.0
bc393751,FPi,40,40,11,29,21,0.2,0.2,10.0,8.0
bc393751,FPi,40,40,12,26,36,0.2,0.2,10.0,8.0
bc393751,FPi,40,40,13,21,20,0.30000000000000004,0.30000000000000004,10.0,8.0
bc393751,FPi,40,40,14,3,19,0.30000000000000004,0.30000000000000004,10.0,8.0
bc393751,FPi,40,40,15,20,26,0.4,0.4,10.0,8.0
bc393751,FPi,40,40,16,19,17,0.4,0.4,10.0,8.0
bc393751,FPi,40,40,17,10,1,0.4,0.4,10.0,8.0
bc393751,FPi,40,40,18,15,7,0.5,0.5,10.0,8.0
bc393751,FPi,40,40,19,13,27,0.5,0.5,10.0,8.0
bc393751,FPi,40,40,20,30,30,0.6000000000000001,0.6000000000000001,10.0,8.0
bc393751,FPi,40,40,21,14,32,0.6000000000000001,0.6000000000000001,10.0,8.0
bc393751,FPi,40,40,22,28,35,0.8,0.8,10.0,8.0
bc393751,FPi,40,40,23,34,25,0.8,0.8,10.0,8.0
bc393751,FPi,40,40,24,4,22,0.9,0.9,10.0,8.0
bc393751,FPi,40,40,25,11,33,1.0,1.0,10.0,8.0
bc393751,FPi,40,40,26,35,29,1.2000000000000002,1.2000000000000002,10.0,8.0
bc393751,FPi,40,40,27,37,38,1.3,1.3,10.0,8.0
bc393751,FPi,40,40,28,36,31,1.4000000000000001,1.4000000000000001,10.0,8.0
3d2891f5,FPb,20,20,0,15,12,0.0,10.0,10.0,8.0
3d2891f5,FPb,20,20,1,0,0,0.0,10.0,10.0,8.0
3d2891f5,FPb,20,20,2,9,10,0.0,10.0,10.0,8.0
3d2891f5,FPb,20,20,3,10,7,0.0,10.0,10.0,8.0
3d2891f5,FPb,20,20,4,7,14,0.1,10.0,10.0,8.0
3d2891f5,FPb,20,20,5,8,4,0.1,10.0,10.0,8.0
3d2891f5,FPb,20,20,6,16,6,0.1,10.0,10.0,8.0
3d2891f5,FPb,20,20,7,12,2,0.1,10.0,10.0,8.0
3d2891f5,FPb,20,20,8,6,19,0.2,10.0,10.0,8.0
3d2891f5,FPb,20,20,9,4,18,0.2,10.0,10.0,8.0
3d2891f5,FPb,20,20,10,3,11,0.30000000000000004,10.0,10.0,8.0
3d2891f5,FPb,20,20,11,19,8,0.4,10.0,10.0,8.0
3d2891f5,FPb,20,20,12,2,5,0.5,10.0,10.0,8.0
3d2891f5,FPb,20,20,13,17,9,0.5,10.0,10.0,8.0
3d2891f5,FPb,20,20,14,13,16,0.5,10.0,10.0,8.0
30c456e9,FPb,20,20,0,3,5,0.0,10.0,10.0,8.0
30c456e9,FPb,20,20,1,18,13,0.0,10.0,10.0,8.0
30c456e9,FPb,20,20,2,14,14,0.0,10.0,10.0,8.0
30c456e9,FPb,20,20,3,15,10,0.1,10.0,10.0,8.0
30c456e9,FPb,20,20,4,16,9,0.1,10.0,10.0,8.0
30c456e9,FPb,20,20,5,13,8,0.1,10.0,10.0,8.0
30c456e9,FPb,20,20,6,9,7,0.1,10.0,10.0,8.0
30c456e9,FPb,20,20,7,10,4,0.1,10.0,10.0,8.0
30c456e9,FPb,20,20,8,7,12,0.1,10.0,10.0,8.0
30c456e9,FPb,20,20,9,8,17,0.30000000000000004,10.0,10.0,8.0
30c456e9,FPb,20,20,10,4,6,0.8,10.0,10.0,8.0
30c456e9,FPb,20,20,11,6,3,1.2000000000000002,10.0,10.0,8.0
30c456e9,FPb,20,20,12,11,1,1.5,10.0,10.0,8.0
bef1a5db,FPb,20,20,0,13,3,0.0,10.0,10.0,8.0
bef1a5db,FPb,20,20,1,14,4,0.0,10.0,10.0,8.0
bef1a5db,FPb,20,20,2,16,18,0.1,10.0,10.0,8.0
bef1a5db,FPb,20,20,3,8,6,0.1,10.0,10.0,8.0
bef1a5db,FPb,20,20,4,4,13,0.1,10.0,10.0,8.0
bef1a5db,FPb,20,20,5,5,16,0.2,10.0,10.0,8.0
bef1a5db,FPb,20,20,6,12,8,0.2,10.0,10.0,8.0
bef1a5db,FPb,20,20,7,0,0,0.30000000000000004,10.0,10.0,8.0
bef1a5db,FPb,20,20,8,15,12,0.30000000000000004,10.0,10.0,8.0
bef1a5db,FPb,20,20,9,7,14,0.30000000000000004,10.0,10.0,8.0
bef1a5db,FPb,20,20,10,19,10,0.4,10.0,10.0,8.0
bef1a5db,FPb,20,20,11,2,15,0.4,10.0,10.0,8.0
bef1a5db,FPb,20,20,12,9,19,0.6000000000000001,10.0,10.0,8.0
bef1a5db,FPb,20,20,13,11,7,0.7000000000000001,10.0,10.0,8.0
bef1a5db,FPb,20,20,14,17,9,0.9,10.0,10.0,8.0
bef1a5db,FPb,20,20,15,1,11,2.3000000000000003,10.0,10.0,8.0
b85b6272,FPb,20,20,0,0,2,0.0,10.0,10.0,8.0
b85b6272,FPb,20,20,1,5,16,0.0,10.0,10.0,8.0
b85b6272,FPb,20,20,2,9,6,0.0,10.0,10.0,8.0
b85b6272,FPb,20,20,3,15,10,0.0,10.0,10.0,8.0
b85b6272,FPb,20,20,4,18,9,0.0,10.0,10.0,8.0
b85b6272,FPb,20,20,5,12,19,0.0,10.0,10.0,8.0
b85b6272,FPb,20,20,6,13,1,0.1,10.0,10.0,8.0
b85b6272,FPb,20,20,7,16,0,0.1,10.0,10.0,8.0
b85b6272,FPb,20,20,8,17,7,0.1,10.0,10.0,8.0
b85b6272,FPb,20,20,9,8,17,0.2,10.0,10.0,8.0
b85b6272,FPb,20,20,10,4,12,0.30000000000000004,10.0,10.0,8.0
b85b6272,FPb,20,20,11,7,14,0.30000000000000004,10.0,10.0,8.0
b85b6272,FPb,20,20,12,14,11,0.4,10.0,10.0,8.0
b85b6272,FPb,20,20,13,6,3,0.5,10.0,10.0,8.0
b85b6272,FPb,20,20,14,19,8,0.5,10.0,10.0,8.0
b85b6272,FPb,20,20,15,3,15,1.1,10.0,10.0,8.0
6905fa0e,FPb,20,20,0,1,13,0.0,10.0,10.0,8.0
6905fa0e,FPb,20,20,1,6,2,0.0,10.0,10.0,8.0
6905fa0e,FPb,20,20,2,15,8,0.0,10.0,10.0,8.0
6905fa0e,FPb,20,20,3,12,5,0.1,10.0,10.0,8.0
6905fa0e,FPb,20,20,4,16,19,0.1,10.0,10.0,8.0
6905fa0e,FPb,20,20,5,18,10,0.1,10.0,10.0,8.0
6905fa0e,FPb,20,20,6,0,0,0.1,10.0,10.0,8.0
6905fa0e,FPb,20,20,7,8,3,0.1,10.0,10.0,8.0
6905fa0e,FPb,20,20,8,11,17,0.30000000000000004,10.0,10.0,8.0
6905fa0e,FPb,20,20,9,17,15,0.30000000000000004,10.0,10.0,8.0
6905fa0e,FPb,20,20,10,14,7,0.30000000000000004,10.0,10.0,8.0
6905fa0e,FPb,20,20,11,5,1,0.30000000000000004,10.0,10.0,8.0
6905fa0e,FPb,20,20,12,7,16,0.4,10.0,10.0,8.0
6905fa0e,FPb,20,20,13,10,9,0.4,10.0,10.0,8.0
6905fa0e,FPb,20,20,14,19,12,0.4,10.0,10.0,8.0
6905fa0e,FPb,20,20,15,13,14,0.7000000000000001,10.0,10.0,8.0
463ca6d2,FPb,20,40,0,26,5,0.0,10.0,10.0,8.0
463ca6d2,FPb,20,40,1,2,2,0.0,10.0,10.0,8.0
463ca6d2,FPb,20,40,2,14,19,0.0,10.0,10.0,8.0
463ca6d2,FPb,20,40,3,21,6,0.0,10.0,10.0,8.0
463ca6d2,FPb,20,40,4,35,0,0.2,10.0,10.0,8.0
463ca6d2,FPb,20,40,5,25,1,0.30000000000000004,10.0,10.0,8.0
463ca6d2,FPb,20,40,6,28,14,0.30000000000000004,10.0,10.0,8.0
463ca6d2,FPb,20,40,7,30,13,0.30000000000000004,10.0,10.0,8.0
463ca6d2,FPb,20,40,8,38,18,0.30000000000000004,10.0,10.0,8.0
463ca6d2,FPb,20,40,9,5,10,0.30000000000000004,10.0,10.0,8.0
463ca6d2,FPb,20,40,10,32,12,0.30000000000000004,10.0,10.0,8.0
463ca6d2,FPb,20,40,11,20,17,0.4,10.0,10.0,8.0
463ca6d2,FPb,20,40,12,27,11,0.5,10.0,10.0,8.0
463ca6d2,FPb,20,40,13,9,4,0.5,10.0,10.0,8.0
463ca6d2,FPb,20,40,14,3,7,0.7000000000000001,10.0,10.0,8.0
463ca6d2,FPb,20,40,15,11,3,0.7000000000000001,10.0,10.0,8.0
98b09615,FPb,20,40,0,22,6,0.0,10.0,10.0,8.0
98b09615,FPb,20,40,1,8,8,0.0,10.0,10.0,8.0
98b09615,FPb,20,40,2,33,17,0.0,10.0,10.0,8.0
98b09615,FPb,20,40,3,7,11,0.0,10.0,10.0,8.0
98b09615,FPb,20,40,4,2,13,0.1,10.0,10.0,8.0
98b09615,FPb,20,40,5,39,16,0.1,10.0,10.0,8.0
98b09615,FPb,20,40,6,13,7,0.1,10.0,10.0,8.0
98b09615,FPb,20,40,7,38,18,0.1,10.0,10.0,8.0
98b09615,FPb,20,40,8,18,19,0.2,10.0,10.0,8.0
98b09615,FPb,20,40,9,3,1,0.2,10.0,10.0,8.0
98b09615,FPb,20,40,10,26,0,0.4,10.0,10.0,8.0
98b09615,FPb,20,40,11,16,14,0.4,10.0,10.0,8.0
98b09615,FPb,20,40,12,12,10,0.6000000000000001,10.0,10.0,8.0
98b09615,FPb,20,40,13,35,4,0.6000000000000001,10.0,10.0,8.0
98b09615,FPb,20,40,14,32,15,0.7000000000000001,10.0,10.0,8.0
98b09615,FPb,20,40,15,25,9,0.8,10.0,10.0,8.0
98b09615,FPb,20,40,16,28,5,1.1,10.0,10.0,8.0
a37a6df3,FPb,20,40,0,4,11,0.0,10.0,10.0,8.0
a37a6df3,FPb,20,40,1,32,3,0.0,10.0,10.0,8.0
a37a6df3,FPb,20,40,2,22,16,0.1,10.0,10.0,8.0
a37a6df3,FPb,20,40,3,21,15,0.1,10.0,10.0,8.0
a37a6df3,FPb,20,40,4,14,17,0.1,10.0,10.0,8.0
a37a6df3,FPb,20,40,5,36,13,0.2,10.0,10.0,8.0
a37a6df3,FPb,20,40,6,16,19,0.2,10.0,10.0,8.0
a37a6df3,FPb,20,40,7,29,6,0.30000000000000004,10.0,10.0,8.0
a37a6df3,FPb,20,40,8,10,2,0.30000000000000004,10.0,10.0,8.0
a37a6df3,FPb,20,40,9,38,0,0.30000000000000004,10.0,10.0,8.0
a37a6df3,FPb,20,40,10,25,9,0.4,10.0,10.0,8.0
a37a6df3,FPb,20,40,11,9,18,0.4,10.0,10.0,8.0
a37a6df3,FPb,20,40,12,31,12,0.5,10.0,10.0,8.0
a37a6df3,FPb,20,40,13,23,8,0.5,10.0,10.0,8.0
a37a6df3,FPb,20,40,14,33,5,0.7000000000000001,10.0,10.0,8.0
a37a6df3,FPb,20,40,15,18,14,0.8,10.0,10.0,8.0
541ef808,FPb,20,40,0,27,7,0.0,10.0,10.0,8.0
541ef808,FPb,20,40,1,22,1,0.1,10.0,10.0,8.0
541ef808,FPb,20,40,2,3,4,0.1,10.0,10.0,8.0
541ef808,FPb,20,40,3,1,17,0.2,10.0,10.0,8.0
541ef808,FPb,20,40,4,13,19,0.2,10.0,10.0,8.0
541ef808,FPb,20,40,5,30,14,0.30000000000000004,10.0,10.0,8.0
541ef808,FPb,20,40,6,20,12,0.4,10.0,10.0,8.0
541ef808,FPb,20,40,7,8,15,0.5,10.0,10.0,8.0
541ef808,FPb,20,40,8,28,0,0.5,10.0,10.0,8.0
541ef808,FPb,20,40,9,39,6,0.5,10.0,10.0,8.0
541ef808,FPb,20,40,10,7,13,0.5,10.0,10.0,8.0
541ef808,FPb,20,40,11,26,11,0.6000000000000001,10.0,10.0,8.0
541ef808,FPb,20,40,12,33,5,0.9,10.0,10.0,8.0
541ef808,FPb,20,40,13,29,2,1.5,10.0,10.0,8.0
88754032,FPb,20,40,0,12,16,0.0,10.0,10.0,8.0
88754032,FPb,20,40,1,21,7,0.1,10.0,10.0,8.0
88754032,FPb,20,40,2,6,19,0.1,10.0,10.0,8.0
88754032,FPb,20,40,3,30,5,0.1,10.0,10.0,8.0
88754032,FPb,20,40,4,33,12,0.1,10.0,10.0,8.0
88754032,FPb,20,40,5,20,4,0.1,10.0,10.0,8.0
88754032,FPb,20,40,6,4,6,0.1,10.0,10.0,8.0
88754032,FPb,20,40,7,13,9,0.1,10.0,10.0,8.0
88754032,FPb,20,40,8,0,14,0.2,10.0,10.0,8.0
88754032,FPb,20,40,9,14,0,0.2,10.0,10.0,8.0
88754032,FPb,20,40,10,35,3,0.30000000000000004,10.0,10.0,8.0
88754032,FPb,20,40,11,11,15,0.30000000000000004,10.0,10.0,8.0
88754032,FPb,20,40,12,16,10,0.4,10.0,10.0,8.0
88754032,FPb,20,40,13,29,13,0.6000000000000001,10.0,10.0,8.0
88754032,FPb,20,40,14,3,11,0.6000000000000001,10.0,10.0,8.0
35443161,FPb,40,20,0,9,12,0.0,10.0,10.0,8.0
35443161,FPb,40,20,1,16,35,0.0,10.0,10.0,8.0
35443161,FPb,40,20,2,12,0,0.2,10.0,10.0,8.0
35443161,FPb,40,20,3,4,8,0.4,10.0,10.0,8.0
35443161,FPb,40,20,4,8,30,0.4,10.0,10.0,8.0
35443161,FPb,40,20,5,17,32,0.5,10.0,10.0,8.0
35443161,FPb,40,20,6,1,6,0.6000000000000001,10.0,10.0,8.0
35443161,FPb,40,20,7,2,15,0.8,10.0,10.0,8.0
35443161,FPb,40,20,8,14,11,1.3,10.0,10.0,8.0
50bcc3ab,FPb,40,20,0,12,37,0.0,10.0,10.0,8.0
50bcc3ab,FPb,40,20,1,13,13,0.0,10.0,10.0,8.0
50bcc3ab,FPb,40,20,2,11,1,0.1,10.0,10.0,8.0
50bcc3ab,FPb,40,20,3,1,12,0.1,10.0,10.0,8.0
50bcc3ab,FPb,40,20,4,15,11,0.2,10.0,10.0,8.0
50bcc3ab,FPb,40,20,5,5,10,0.2,10.0,10.0,8.0
50bcc3ab,FPb,40,20,6,17,22,0.2,10.0,10.0,8.0
50bcc3ab,FPb,40,20,7,8,36,0.2,10.0,10.0,8.0
50bcc3ab,FPb,40,20,8,2,23,0.30000000000000004,10.0,10.0,8.0
50bcc3ab,FPb,40,20,9,4,9,0.4,10.0,10.0,8.0
50bcc3ab,FPb,40,20,10,10,34,0.5,10.0,10.0,8.0
50bcc3ab,FPb,40,20,11,0,18,0.5,10.0,10.0,8.0
50bcc3ab,FPb,40,20,12,19,28,0.5,10.0,10.0,8.0
50bcc3ab,FPb,40,20,13,18,21,0.7000000000000001,10.0,10.0,8.0
50bcc3ab,FPb,40,20,14,7,19,0.8,10.0,10.0,8.0
50bcc3ab,FPb,40,20,15,16,14,1.1,10.0,10.0,8.0
1b278167,FPb,40,20,0,4,10,0.0,10.0,10.0,8.0
1b278167,FPb,40,20,1,1,25,0.0,10.0,10.0,8.0
1b278167,FPb,40,20,2,18,9,0.1,10.0,10.0,8.0
1b278167,FPb,40,20,3,11,20,0.1,10.0,10.0,8.0
1b278167,FPb,40,20,4,7,6,0.30000000000000004,10.0,10.0,8.0
1b278167,FPb,40,20,5,12,3,0.30000000000000004,10.0,10.0,8.0
1b278167,FPb,40,20,6,8,7,0.4,10.0,10.0,8.0
1b278167,FPb,40,20,7,14,1,0.5,10.0,10.0,8.0
1b278167,FPb,40,20,8,9,38,0.5,10.0,10.0,8.0
1b278167,FPb,40,20,9,15,22,0.8,10.0,10.0,8.0
1b278167,FPb,40,20,10,0,18,1.2000000000000002,10.0,10.0,8.0
1b278167,FPb,40,20,11,6,2,1.4000000000000001,10.0,10.0,8.0
36910bd1,FPb,40,20,0,6,35,0.0,10.0,10.0,8.0
36910bd1,FPb,40,20,1,1,36,0.0,10.0,10.0,8.0
36910bd1,FPb,40,20,2,4,21,0.1,10.0,10.0,8.0
36910bd1,FPb,40,20,3,14,14,0.1,10.0,10.0,8.0
36910bd1,FPb,40,20,4,10,31,0.2,10.0,10.0,8.0
36910bd1,FPb,40,20,5,8,34,0.30000000000000004,10.0,10.0,8.0
36910bd1,FPb,40,20,6,0,13,0.30000000000000004,10.0,10.0,8.0
36910bd1,FPb,40,20,7,5,23,0.4,10.0,10.0,8.0
36910bd1,FPb,40,20,8,16,12,0.4,10.0,10.0,8.0
36910bd1,FPb,40,20,9,3,10,0.5,10.0,10.0,8.0
36910bd1,FPb,40,20,10,15,24,0.5,10.0,10.0,8.0
36910bd1,FPb,40,20,11,9,27,0.6000000000000001,10.0,10.0,8.0
36910bd1,FPb,40,20,12,17,19,0.6000000000000001,10.0,10.0,8.0
36910bd1,FPb,40,20,13,13,20,0.9,10.0,10.0,8.0
36910bd1,FPb,40,20,14,2,2,0.9,10.0,10.0,8.0
2c89f3c2,FPb,40,20,0,15,11,0.0,10.0,10.0,8.0
2c89f3c2,FPb,40,20,1,3,2,0.0,10.0,10.0,8.0
2c89f3c2,FPb,40,20,2,7,20,0.0,10.0,10.0,8.0
2c89f3c2,FPb,40,20,3,14,33,0.0,10.0,10.0,8.0
2c89f3c2,FPb,40,20,4,2,10,0.1,10.0,10.0,8.0
2c89f3c2,FPb,40,20,5,11,0,0.1,10.0,10.0,8.0
2c89f3c2,FPb,40,20,6,8,17,0.1,10.0,10.0,8.0
2c89f3c2,FPb,40,20,7,5,5,0.2,10.0,10.0,8.0
2c89f3c2,FPb,40,20,8,13,32,0.2,10.0,10.0,8.0
2c89f3c2,FPb,40,20,9,4,9,0.30000000000000004,10.0,10.0,8.0
2c89f3c2,FPb,40,20,10,10,21,0.4,10.0,10.0,8.0
2c89f3c2,FPb,40,20,11,0,34,0.5,10.0,10.0,8.0
2c89f3c2,FPb,40,20,12,9,31,0.6000000000000001,10.0,10.0,8.0
2c89f3c2,FPb,40,20,13,18,12,0.6000000000000001,10.0,10.0,8.0
b315c3c6,FPb,40,40,0,3,8,0.0,10.0,10.0,8.0
b315c3c6,FPb,40,40,1,15,31,0.0,10.0,10.0,8.0
b315c3c6,FPb,40,40,2,17,4,0.0,10.0,10.0,8.0
b315c3c6,FPb,40,40,3,4,14,0.0,10.0,10.0,8.0
b315c3c6,FPb,40,40,4,18,5,0.1,10.0,10.0,8.0
b315c3c6,FPb,40,40,5,36,22,0.1,10.0,10.0,8.0
b315c3c6,FPb,40,40,6,23,3,0.2,10.0,10.0,8.0
b315c3c6,FPb,40,40,7,7,19,0.2,10.0,10.0,8.0
b315c3c6,FPb,40,40,8,28,9,0.2,10.0,10.0,8.0
b315c3c6,FPb,40,40,9,19,11,0.2,10.0,10.0,8.0
b315c3c6,FPb,40,40,10,33,15,0.4,10.0,10.0,8.0
b315c3c6,FPb,40,40,11,9,17,0.4,10.0,10.0,8.0
b315c3c6,FPb,40,40,12,38,36,0.4,10.0,10.0,8.0
b315c3c6,FPb,40,40,13,37,29,0.6000000000000001,10.0,10.0,8.0
b315c3c6,FPb,40,40,14,32,32,0.6000000000000001,10.0,10.0,8.0
b315c3c6,FPb,40,40,15,11,0,0.9,10.0,10.0,8.0
b315c3c6,FPb,40,40,16,2,6,0.9,10.0,10.0,8.0
b315c3c6,FPb,40,40,17,34,23,0.9,10.0,10.0,8.0
b315c3c6,FPb,40,40,18,20,16,1.0,10.0,10.0,8.0
b315c3c6,FPb,40,40,19,21,33,1.0,10.0,10.0,8.0
b315c3c6,FPb,40,40,20,0,20,1.1,10.0,10.0,8.0
b315c3c6,FPb,40,40,21,12,1,1.2000000000000002,10.0,10.0,8.0
b315c3c6,FPb,40,40,22,8,18,1.2000000000000002,10.0,10.0,8.0
b315c3c6,FPb,40,40,23,1,10,1.3,10.0,10.0,8.0
b315c3c6,FPb,40,40,24,35,2,1.3,10.0,10.0,8.0
b315c3c6,FPb,40,40,25,24,35,1.3,10.0,10.0,8.0
b315c3c6,FPb,40,40,26,13,7,1.7000000000000002,10.0,10.0,8.0
b315c3c6,FPb,40,40,27,39,25,1.9000000000000001,10.0,10.0,8.0
c4f58ce3,FPb,40,40,0,20,16,0.0,10.0,10.0,8.0
c4f58ce3,FPb,40,40,1,2,10,0.0,10.0,10.0,8.0
c4f58ce3,FPb,40,40,2,14,25,0.1,10.0,10.0,8.0
c4f58ce3,FPb,40,40,3,18,3,0.1,10.0,10.0,8.0
c4f58ce3,FPb,40,40,4,34,31,0.2,10.0,10.0,8.0
c4f58ce3,FPb,40,40,5,27,12,0.30000000000000004,10.0,10.0,8.0
c4f58ce3,FPb,40,40,6,17,36,0.30000000000000004,10.0,10.0,8.0
c4f58ce3,FPb,40,40,7,22,14,0.4,10.0,10.0,8.0
c4f58ce3,FPb,40,40,8,5,30,0.4,10.0,10.0,8.0
c4f58ce3,FPb,40,40,9,9,13,0.5,10.0,10.0,8.0
c4f58ce3,FPb,40,40,10,35,1,0.6000000000000001,10.0,10.0,8.0
c4f58ce3,FPb,40,40,11,36,34,0.6000000000000001,10.0,10.0,8.0
c4f58ce3,FPb,40,40,12,23,38,0.8,10.0,10.0,8.0
c4f58ce3,FPb,40,40,13,0,39,1.0,10.0,10.0,8.0
c4f58ce3,FPb,40,40,14,8,19,1.1,10.0,10.0,8.0
c4f58ce3,FPb,40,40,15,33,17,1.1,10.0,10.0,8.0
c4f58ce3,FPb,40,40,16,26,24,1.3,10.0,10.0,8.0
c4f58ce3,FPb,40,40,17,7,20,1.4000000000000001,10.0,10.0,8.0
c4f58ce3,FPb,40,40,18,28,23,1.4000000000000001,10.0,10.0,8.0
c4f58ce3,FPb,40,40,19,30,0,1.6,10.0,10.0,8.0
c4f58ce3,FPb,40,40,20,38,28,1.8,10.0,10.0,8.0
c4f58ce3,FPb,40,40,21,12,4,2.1,10.0,10.0,8.0
c4f58ce3,FPb,40,40,22,32,8,2.2,10.0,10.0,8.0
c4f58ce3,FPb,40,40,23,37,29,3.5,10.0,10.0,8.0
b96a7197,FPb,40,40,0,10,18,0.0,10.0,10.0,8.0
b96a7197,FPb,40,40,1,21,39,0.2,10.0,10.0,8.0
b96a7197,FPb,40,40,2,12,27,0.2,10.0,10.0,8.0
b96a7197,FPb,40,40,3,3,25,0.2,10.0,10.0,8.0
b96a7197,FPb,40,40,4,38,13,0.2,10.0,10.0,8.0
b96a7197,FPb,40,40,5,32,8,0.2,10.0,10.0,8.0
b96a7197,FPb,40,40,6,1,9,0.30000000000000004,10.0,10.0,8.0
b96a7197,FPb,40,40,7,20,12,0.30000000000000004,10.0,10.0,8.0
b96a7197,FPb,40,40,8,0,6,0.4,10.0,10.0,8.0
b96a7197,FPb,40,40,9,23,3,0.4,10.0,10.0,8.0
b96a7197,FPb,40,40,10,5,7,0.4,10.0,10.0,8.0
b96a7197,FPb,40,40,11,9,16,0.5,10.0,10.0,8.0
b96a7197,FPb,40,40,12,16,24,0.6000000000000001,10.0,10.0,8.0
b96a7197,FPb,40,40,13,34,37,0.7000000000000001,10.0,10.0,8.0
b96a7197,FPb,40,40,14,15,33,0.8,10.0,10.0,8.0
b96a7197,FPb,40,40,15,29,2,0.8,10.0,10.0,8.0
b96a7197,FPb,40,40,16,35,32,0.9,10.0,10.0,8.0
b96a7197,FPb,40,40,17,4,10,1.0,10.0,10.0,8.0
b96a7197,FPb,40,40,18,19,28,1.0,10.0,10.0,8.0
b96a7197,FPb,40,40,19,26,34,1.1,10.0,10.0,8.0
b96a7197,FPb,40,40,20,24,14,1.1,10.0,10.0,8.0
b96a7197,FPb,40,40,21,8,29,1.1,10.0,10.0,8.0
b96a7197,FPb,40,40,22,37,15,1.2000000000000002,10.0,10.0,8.0
b96a7197,FPb,40,40,23,11,19,1.3,10.0,10.0,8.0
b96a7197,FPb,40,40,24,28,35,1.4000000000000001,10.0,10.0,8.0
b96a7197,FPb,40,40,25,17,4,1.4000000000000001,10.0,10.0,8.0
b96a7197,FPb,40,40,26,2,1,1.9000000000000001,10.0,10.0,8.0
b96a7197,FPb,40,40,27,7,30,2.7,10.0,10.0,8.0
2ee73c3b,FPb,40,40,0,22,24,0.0,10.0,10.0,8.0
2ee73c3b,FPb,40,40,1,25,30,0.0,10.0,10.0,8.0
2ee73c3b,FPb,40,40,2,21,12,0.1,10.0,10.0,8.0
2ee73c3b,FPb,40,40,3,32,31,0.2,10.0,10.0,8.0
2ee73c3b,FPb,40,40,4,30,19,0.2,10.0,10.0,8.0
2ee73c3b,FPb,40,40,5,6,33,0.30000000000000004,10.0,10.0,8.0
2ee73c3b,FPb,40,40,6,15,14,0.30000000000000004,10.0,10.0,8.0
2ee73c3b,FPb,40,40,7,11,5,0.30000000000000004,10.0,10.0,8.0
2ee73c3b,FPb,40,40,8,27,13,0.4,10.0,10.0,8.0
2ee73c3b,FPb,40,40,9,19,17,0.4,10.0,10.0,8.0
2ee73c3b,FPb,40,40,10,34,38,0.5,10.0,10.0,8.0
2ee73c3b,FPb,40,40,11,14,28,0.5,10.0,10.0,8.0
2ee73c3b,FPb,40,40,12,16,2,0.5,10.0,10.0,8.0
2ee73c3b,FPb,40,40,13,5,11,0.6000000000000001,10.0,10.0,8.0
2ee73c3b,FPb,40,40,14,12,7,0.8,10.0,10.0,8.0
2ee73c3b,FPb,40,40,15,3,29,0.9,10.0,10.0,8.0
2ee73c3b,FPb,40,40,16,20,6,0.9,10.0,10.0,8.0
2ee73c3b,FPb,40,40,17,29,36,0.9,10.0,10.0,8.0
2ee73c3b,FPb,40,40,18,0,23,1.0,10.0,10.0,8.0
2ee73c3b,FPb,40,40,19,9,4,1.2000000000000002,10.0,10.0,8.0
2ee73c3b,FPb,40,40,20,23,32,1.2000000000000002,10.0,10.0,8.0
2ee73c3b,FPb,40,40,21,13,10,2.0,10.0,10.0,8.0
2ee73c3b,FPb,40,40,22,10,0,2.9000000000000004,10.0,10.0,8.0
2ee73c3b,FPb,40,40,23,26,26,3.6,10.0,10.0,8.0
89be293c,FPb,40,40,0,24,8,0.1,10.0,10.0,8.0
89be293c,FPb,40,40,1,37,0,0.2,10.0,10.0,8.0
89be293c,FPb,40,40,2,10,32,0.2,10.0,10.0,8.0
89be293c,FPb,40,40,3,27,38,0.2,10.0,10.0,8.0
89be293c,FPb,40,40,4,33,20,0.2,10.0,10.0,8.0
89be293c,FPb,40,40,5,11,11,0.30000000000000004,10.0,10.0,8.0
89be293c,FPb,40,40,6,22,4,0.30000000000000004,10.0,10.0,8.0
89be293c,FPb,40,40,7,28,21,0.4,10.0,10.0,8.0
89be293c,FPb,40,40,8,34,29,0.5,10.0,10.0,8.0
89be293c,FPb,40,40,9,5,18,0.7000000000000001,10.0,10.0,8.0
89be293c,FPb,40,40,10,36,6,0.8,10.0,10.0,8.0
89be293c,FPb,40,40,11,2,39,0.8,10.0,10.0,8.0
89be293c,FPb,40,40,12,29,16,0.8,10.0,10.0,8.0
89be293c,FPb,40,40,13,4,15,0.8,10.0,10.0,8.0
89be293c,FPb,40,40,14,15,34,1.0,10.0,10.0,8.0
89be293c,FPb,40,40,15,7,25,1.1,10.0,10.0,8.0
89be293c,FPb,40,40,16,30,1,1.2000000000000002,10.0,10.0,8.0
89be293c,FPb,40,40,17,6,24,1.3,10.0,10.0,8.0
89be293c,FPb,40,40,18,16,33,1.4000000000000001,10.0,10.0,8.0
89be293c,FPb,40,40,19,8,17,1.7000000000000002,10.0,10.0,8.0
89be293c,FPb,40,40,20,20,12,1.7000000000000002,10.0,10.0,8.0
89be293c,FPb,40,40,21,9,28,1.9000000000000001,10.0,10.0,8.0
89be293c,FPb,40,40,22,1,23,1.9000000000000001,10.0,10.0,8.0
89be293c,FPb,40,40,23,32,27,2.1,10.0,10.0,8.0
89be293c,FPb,40,40,24,3,7,2.2,10.0,10.0,8.0
89be293c,FPb,40,40,25,31,3,2.5,10.0,10.0,8.0
89be293c,FPb,40,40,26,17,19,3.1,10.0,10.0,8.0
89be293c,FPb,40,40,27,25,36,3.8000000000000003,10.0,10.0,8.0
